660	9		
-0.0186997627670814	0.0328657223303580	3.16512889080330	3.14710156931110	-0.0235340642730919	-0.999723035554743	-0.00550888785710824	-0.999984825962163	0.0903625505000179
0.0189311887020607	-0.0172933620107530	3.13743275240463	3.13165249848384	0.00415988918747736	-0.999991347623542	0.00993999141446921	-0.999950597065015	-0.276613746200043
-0.177855422073218	0.305164160042998	3.14299739628698	3.15304499699909	-0.00140474223519247	-0.999999013349140	-0.0114520930700191	-0.999934422631962	-1.04723238411696
-0.855823587298621	1.31089768081082	3.12854919548352	3.18955812772083	0.0130430882582544	-0.999914935306343	-0.0479470839918636	-0.998849877177085	-2.83467985379262
-2.39814079794664	3.42591271334478	3.03491604538981	3.30608527023101	0.106474395126013	-0.994315444505691	-0.163751817611267	-0.986501567271440	-0.464302692545719
-1.88353821583942	2.23403468884777	2.93879914696338	3.45890081247323	0.201406374538374	-0.979507770410888	-0.312010233098938	-0.950078741179670	1.46464638410352
-0.417035815859196	-0.164146315108801	2.85896601518030	3.50753405949278	0.278879037469415	-0.960326237515217	-0.357828525797634	-0.933787313110160	-2.68822237206075
-0.952615986356200	-0.0722037021572899	2.83058923901414	3.47917241411317	0.306014068095270	-0.952026990230731	-0.331204425600353	-0.943559022246484	-2.95340722494452
-1.47316339396030	-0.0324387215288927	2.76429527320803	3.49763611614848	0.368409290576402	-0.929663699741467	-0.348568574831973	-0.937283280891966	-0.915229642491429
-1.00132993917338	-1.12741632103708	2.70060275925381	3.47118556973441	0.426834864779563	-0.904329584946004	-0.323657882991181	-0.946174177822280	-3.26460135344630
-1.49725686173870	-1.12429827755124	2.63415569748771	3.43627800226306	0.485938763382583	-0.873992859377127	-0.290438776672695	-0.956893576634763	-2.15494737199272
-1.40143034523352	-1.65588856743563	2.59290761576698	3.36491259708302	0.521565739856242	-0.853211098737124	-0.221468338851026	-0.975167562466352	-0.200481081707627
-0.373561072544645	-3.05163619302766	2.51772083879127	3.23966773440125	0.584181984187773	-0.811622701352320	-0.0979179302621841	-0.995194493017908	-2.48554026008842
-0.377970099391098	-3.07040274279342	2.49649004496691	3.06619948775610	0.601280429875664	-0.799038074592530	0.0753217620443671	-0.997159281239728	1.52484869399334
1.76900961721782	-5.72332618098821	2.55902377169645	2.84812208949639	0.550170899938119	-0.835052082723755	0.289276143096666	-0.957245691050692	1.13199994602799
3.38289727260035	-7.47446786220518	2.66924310326087	2.50858689250963	0.454979817963373	-0.890501749153822	0.591570830579834	-0.806253032494815	-0.476907107502644
2.54903238610251	-5.02788368447858	2.81494203780556	2.18666544925702	0.320872557410190	-0.947122379579875	0.816271690867889	-0.577668180435514	-0.377755796945540
1.91770376711427	-2.86941548455367	2.93941653196741	1.99919255532820	0.200801602783557	-0.979631929001681	0.909633145919131	-0.415412493607576	0.0583207363068689
1.72564115632879	-1.10897512324245	3.04209699617542	1.88186915401928	0.0993315809977918	-0.995054388974029	0.952005746690244	-0.306080150073065	0.196615109544534
1.62249274838841	0.526455206822647	3.11100646963626	1.88568406414152	0.0305814152060815	-0.999532279140596	0.950831153741703	-0.309709730351214	0.510146114979939
1.54271501190022	2.14185641998967	3.19283173770167	1.95285085858650	-0.0512166661661557	-0.998687565311006	0.927900608223206	-0.372827656242137	-0.974245532170984
0.740919532747744	4.01882940033058	3.26069586678303	2.12645793102852	-0.118821821584122	-0.992915592946063	0.849551626367698	-0.527505482564873	-1.14465919772380
-0.591079786955370	6.19292350969080	3.26050012601964	2.34855077402429	-0.118627465252922	-0.992938832198473	0.712490995340762	-0.701681253532065	-2.28713614390564
-3.32028828469381	10.4243134026981	3.16564503275383	2.74163310337761	-0.0240500601129716	-0.999710755473083	0.389381085268305	-0.921076745138687	-2.89717062208670
-4.81764525146597	12.6318182503344	2.92867823028448	3.37252131603622	0.211309406587833	-0.977419221566416	-0.228881632516118	-0.973454261019364	-0.746645411125685
-2.22773359701584	8.65277084285338	2.77315204604845	3.91188423328921	0.360161128651548	-0.932890112182803	-0.696344537209377	-0.717707660192267	2.13057521061533
0.00960329535499883	6.64794872272447	2.72513354197117	4.30354808862978	0.404524757570501	-0.914527047447219	-0.917582237981299	-0.397546018142844	-3.42243518816421
0.0331504593405544	5.20522388809708	2.72645245035676	4.58355472864615	0.403318228689198	-0.915059782968855	-0.991712340706079	-0.128478143243392	-1.86820747580761
0.0763350518588027	3.74479597735589	2.71738888320313	4.80056756349005	0.411595255100111	-0.911366746145082	-0.996114787163681	0.0880643559781986	3.03695410142511
1.57613907744700	3.50959439149255	2.74961171229724	4.97703811093544	0.382019858519564	-0.924154114689045	-0.965184337434150	0.261570630560467	-1.91241734820065
0.988168201202183	1.45894841955142	2.81955407729493	5.11798457189224	0.316500994460781	-0.948592178180559	-0.918867559935911	0.394566100035755	2.00162879168132
1.71580410036723	0.763062623014033	2.90043903071739	5.16607395378467	0.238823025710466	-0.971063109375749	-0.898838155965337	0.438280697020565	-0.624898212088690
1.36502435788720	-1.03231352461415	2.95490868614862	5.18062191768567	0.185601504575754	-0.982625097124644	-0.892367174275293	0.451310122062345	-2.66425057461683
0.386524480026401	-3.22756382328308	3.01327951736393	5.04019428102639	0.127961329137079	-0.991779158001151	-0.946751241581289	0.321965971127832	0.940592414904662
0.889667855084660	-4.41720308833111	3.04335334192041	4.85015566939163	0.0980813705863354	-0.995178398451205	-0.990525169687277	0.137331308214812	2.53671730264868
2.17692299271860	-5.90360774422167	3.10156452677556	4.60475637123098	0.0400174384865944	-0.999198981493162	-0.994213200526696	-0.107424912838984	-2.39229438355765
2.45034434346547	-7.83831047121975	3.23431183107255	4.26080144160966	-0.0925863858286920	-0.995704655587781	-0.899755443302640	-0.436394480083411	0.708295546569068
4.88807736109894	-12.3240209973365	3.41702811983071	3.77232583245921	-0.271966014879006	-0.962306856855355	-0.589737028236446	-0.807595342685212	-2.67674881367793
2.59265694462746	-9.44174697594193	3.60068172433147	3.17653425331822	-0.443131682449105	-0.896456531020788	-0.0349344900396387	-0.999389604411448	0.882688515066490
0.815119720174659	-7.05574705377040	3.70787758449495	2.78659066186698	-0.536500611708990	-0.843899931055738	0.347592232767000	-0.937645796513829	2.34587272249436
0.0243988455501256	-5.74984623707057	3.71000336776574	2.47555340306080	-0.538293346503046	-0.842757541117582	0.617876603041336	-0.786275081262340	3.08284696265256
-0.224150497949450	-4.59412235555179	3.72379043260710	2.19475495262182	-0.549860971831657	-0.835256195221769	0.811571984855306	-0.584252439787820	-0.591098698364151
-1.24515782749360	-3.33559581309156	3.68230532362243	2.00787514843845	-0.514747124310844	-0.857342054266392	0.905992046348643	-0.423294710518569	-1.59582340628646
-2.33798811024186	-1.90569485285135	3.58248743876546	1.86841423459253	-0.426748852821693	-0.904370176761357	0.956037734377930	-0.293243670768041	2.99601054354385
-1.80831234662811	-0.0652462538152122	3.48240892122883	1.83330979876703	-0.334256521080352	-0.942482136761891	0.965740761450396	-0.259508731400717	2.94920534149241
-1.21316493585162	1.55913924681031	3.39099326756363	1.85554498259710	-0.246823162281531	-0.969060538130279	0.959732289637921	-0.280916237028680	0.294174462926655
-1.56452151451407	3.13468001544776	3.34237212851114	1.99736385656110	-0.199433207682511	-0.979911422360952	0.910391288841127	-0.413748354923850	2.19019840829549
-1.51301267402279	4.57641218212287	3.25057623419820	2.16797090882435	-0.108767968052339	-0.994067165299089	0.826927669458904	-0.562308304654365	-2.33535177765198
-3.67326132154638	8.07980323550431	3.14669702470838	2.47238842830441	-0.00510434895322081	-0.999986972726027	0.620362045017943	-0.784315582594886	-1.25732699677224
-5.76504875975014	12.0061146590865	2.89690363818755	3.00415330378150	0.242254615298676	-0.970212709340839	0.137007063147728	-0.990570070538998	1.10516524901854
-2.83786860193544	7.43034792311821	2.68451498097982	3.49029768091285	0.441327656279694	-0.897346031251419	-0.341681058286918	-0.939815968372496	-3.48765974537826
-2.32185398563366	5.90486451024004	2.52990622971934	3.80227707341679	0.574248918803313	-0.818680755394449	-0.613657394676317	-0.789572417172152	0.902659427562104
-0.826640199114332	4.35495727722532	2.47979464003793	4.07884541891613	0.614536276888223	-0.788888562718690	-0.805934768891723	-0.592004348203157	1.99699903628649
0.680589444758866	3.35555795815906	2.49539226228266	4.26449673401379	0.602157237552269	-0.798377518009757	-0.901361901683074	-0.433066648674627	-1.43719713293817
0.932847999772003	2.04513640754600	2.51353153712478	4.40790261005761	0.587576980315603	-0.809168271871307	-0.954001066226533	-0.299803211521554	2.02778670821701
2.08304602693583	0.990102917682276	2.59875390883672	4.46929561527717	0.516568732828052	-0.856245726567100	-0.970598027696143	-0.240706187357861	-1.98879499663077
1.84715711580117	-0.831481009930367	2.69058486273515	4.47854291362346	0.435872775427758	-0.900008290873425	-0.972782379051951	-0.231720614115418	-0.677508373361783
2.03486192228126	-2.47316605929100	2.79165746749419	4.37348706913027	0.342836922322057	-0.939394935419997	-0.943120295491220	-0.332451663001636	2.11676890850848
3.31803167603856	-4.53762487334411	2.92798126167421	4.23364795591783	0.211990585725805	-0.977271708156759	-0.887575588357442	-0.460662104966254	2.53504530202367
5.67733946031181	-8.73067564966928	3.12832853286047	3.89545656560476	0.0132637317913638	-0.999912032840373	-0.684460846035793	-0.729049621249450	-2.49360888823569
0.0423945303352101	0.172963917377078	3.13045409847540	3.12371937965785	0.0111383247938776	-0.999937966936343	0.0178723223325675	-0.999840277291549	2.85908559416657
1.90830690390029	-2.59869088380441	3.17480387068284	3.06940913687628	-0.0332051121843536	-0.999448558218393	0.0721208481535737	-0.997395900964912	2.20748786239587
2.73749585505046	-3.46292145076614	3.29345455165998	2.91879441553389	-0.151278863345932	-0.988491125658072	0.220959558515219	-0.975282970988810	0.228373238709743
1.97372818557065	-1.81010530852309	3.42790523670129	2.78242993695429	-0.282416844412168	-0.959291783552988	0.351490499045537	-0.936191448946592	1.22464317976204
1.63963972073650	-0.724175486952722	3.50646622127634	2.73389051307560	-0.356831188196113	-0.934168883623593	0.396500862696967	-0.918034348965528	1.88436755179252
1.55021955697348	0.118177115634294	3.60234664843582	2.69259301570938	-0.444623599672340	-0.895717508266089	0.434064543449293	-0.900881774774114	2.24148806560761
1.51975960817130	0.928038033315010	3.66904408588195	2.72166369371686	-0.503332779578717	-0.864092653019086	0.407695586076356	-0.913117905362641	2.64575771965889
1.54609226643674	1.57569721288792	3.75688585784464	2.79151097508325	-0.577197978931646	-0.816604245101153	0.342974532871839	-0.939344702333145	2.97452895512635
1.59777916749457	2.12637400640206	3.82926791500585	2.89123637990200	-0.634742518415145	-0.772723712148139	0.247749141547247	-0.968824216699089	3.19579669599349
1.65074756281088	2.57305896757582	3.90564269214023	3.00430724961392	-0.691851400754576	-0.722039915291344	0.136854567390767	-0.990591150467379	3.33102306537045
1.68246741829825	2.77595390439641	3.99139149637640	3.12641153475512	-0.751147629570688	-0.660134258003883	0.0151805357185009	-0.999884769028561	3.40947168403106
1.73192074327676	2.81022311685064	4.07102057978708	3.28229296179078	-0.801277804570343	-0.598292470204106	-0.140236536752272	-0.990118030216463	3.44389250381472
1.82628431384554	2.61070930380310	4.17067016106823	3.40211441708188	-0.856823707944058	-0.515609477710598	-0.257584743885549	-0.966255711350477	3.47253160268795
1.92092668363781	2.17072435901281	4.27091499540163	3.54934738487260	-0.904122852226196	-0.427272592243370	-0.396549142280651	-0.918013495410868	3.48505172400816
2.07589811357678	1.58156464493218	4.36761778422874	3.62065939283079	-0.941152808672424	-0.337981346716069	-0.460951177007588	-0.887425496825125	3.48809832453607
2.23599330566990	0.919788025557548	4.45450099063657	3.66826717801637	-0.966930779159386	-0.255038954503471	-0.502661307365271	-0.864483435398178	3.48419363723648
2.33996969677173	0.310663987997607	4.58983675640297	3.70805453090102	-0.992499870319070	-0.122245684654425	-0.536649928369163	-0.843804985989875	3.46801366766391
2.40050307616754	-0.221022388399662	4.70040371591567	3.71622662939804	-0.999928177577564	-0.0119849775307327	-0.543527589576499	-0.839391302891066	3.42427757105473
2.40127836884902	-0.622989620505641	4.82033025918374	3.70075779239065	-0.994179994354676	0.107731791152548	-0.530478672468514	-0.847698282442546	3.31843700358114
2.34161945621953	-0.967308319036172	4.94482830854003	3.64172545212070	-0.973107386752164	0.230351934761519	-0.479542076051385	-0.877518887145073	3.11650657578685
2.19277259912447	-1.24423497222424	5.04536627402262	3.60278393400269	-0.945073380719076	0.326858233881627	-0.445015241488051	-0.895522995150505	2.90302140999980
2.02521698873991	-1.49186533472129	5.15120338758732	3.53423857337882	-0.905256017990465	0.424866498905300	-0.382634316624064	-0.923899875387824	2.63033099214818
1.77645905004766	-1.80814757710653	5.26020516886545	3.44933192458722	-0.853663938685859	0.520824231182983	-0.302904890594722	-0.953020790567446	2.35576918712670
1.46592496131474	-2.13232130242169	5.34196666315034	3.35837148819450	-0.808276242232963	0.588803461472299	-0.215084969259780	-0.976595338919104	2.23368910101233
1.10624285089527	-2.52608444832702	5.40905777130124	3.23812948550833	-0.766983963421536	0.641666268284528	-0.0963869581916347	-0.995343937687152	2.24195004533458
0.757568097794593	-2.83178600348488	5.43923510042884	3.08589384523299	-0.747273919526630	0.664516131629104	0.0556700132234631	-0.998449222358203	2.46836003913894
0.583804813571774	-2.83400229847892	5.47882781288924	2.95597319038502	-0.720385166319475	0.693574229730937	0.184555391035677	-0.982822113935003	2.55064874087640
0.660661452455765	-2.37870008956449	5.49256098604298	2.82017883580705	-0.710792559456886	0.703401689947308	0.315908291692647	-0.948789729729319	2.73106652141033
1.10267903577467	-1.19908947182926	5.55112507480912	2.73391499106842	-0.668403451060258	0.743798915440683	0.396478390939979	-0.918044054235768	2.73716537624131
1.80823162565430	0.493947332736218	5.63160774118140	2.71170109184088	-0.606441526879490	0.795128086836374	0.416772233322250	-0.909010949071343	2.62532497239092
2.66694488286871	2.38344822531695	5.73120531287448	2.78161984117040	-0.524374196961097	0.851487933890672	0.352248788374563	-0.935906400816157	2.16015327478034
3.34349226705957	3.92388865633474	5.88682198466412	2.95418076107867	-0.386066172804858	0.922471089094834	0.186316732782358	-0.982489732814195	0.668264129261382
3.15813974114765	3.96083823532955	6.03494916128056	3.15852150534253	-0.245694555133003	0.969347298741785	-0.0169280431689414	-0.999856710411282	-0.957523637701958
2.06165370048735	2.37584072560037	6.17985713587184	3.30441544475502	-0.103144401934188	0.994666392490286	-0.162104304631718	-0.986773628761869	-2.04329785851687
0.420312358669089	-0.273824384144458	6.25533857819144	3.35565173327535	-0.0278431302149625	0.999612304896170	-0.212428077058844	-0.977176704632833	-2.66752804675201
-1.66602205397293	-3.54598667336384	6.21504116972096	3.24457465758921	-0.0680914104163335	0.997679086594239	-0.102800074773294	-0.994702038113226	-2.98660321605211
-4.04061215605988	-7.04404808116818	6.06136662681144	3.00738196821464	-0.220004106727014	0.975498945680234	0.133808136250004	-0.991007256619900	-3.06622543589090
-6.50432443768893	-10.2781821611839	5.79636356091904	2.56795785553471	-0.467819238221079	0.883824168231583	0.542688617282967	-0.839933964470721	-2.72792912028824
-8.38578919369216	-12.8545182673689	5.44040406931869	1.96155534007131	-0.746496610448403	0.665389217367584	0.924620225409828	-0.380890323798174	-3.23288203229445
-9.69881647980441	-15.8963421694099	4.98469639678457	1.25650352976618	-0.963152870781524	0.268954545426004	0.951015244261034	0.309143987784213	-3.49999615837357
-8.72348232652597	-18.3953887297637	4.49887774307863	0.394462091337924	-0.977292935089578	-0.211892706396415	0.384311645313849	0.923203422478579	-3.49820871187542
-4.50204414987811	-20.0100299890708	4.16078617046176	-0.560250404582409	-0.851685659073726	-0.524052991717588	-0.531398337827594	0.847122072994247	2.39400020582944
5.47474581784315	-29.4134570255624	4.13742842246228	-1.71275296796118	-0.839213751741904	-0.543801690772728	-0.989941065091307	-0.141480343673210	2.59207821429380
-1.39377977859874	-23.3165841035819	4.35699811562829	-3.13427172061157	-0.937510556374782	-0.347956831641293	-0.00732086758287347	-0.999973202089853	1.41368371673896
-10.3810355774408	-19.8648046182836	4.04756468321861	-4.20775484604318	-0.787025192019542	-0.616920859694826	0.875351424375578	-0.483487211665051	-3.25647162233583
-14.3799762944438	-10.2907496541335	3.38749040363292	-5.02562673770993	-0.243427167752167	-0.969919179107290	0.951340874090072	0.308140457073616	-3.41807453273670
-13.8903612139824	5.18837570313626	2.68622282658932	-5.15199617983792	0.439794484926899	-0.898098441724449	0.904918902672336	0.425584045267554	-3.49991141794524
-21.9038558829243	28.1018458868168	1.82211446163018	-4.35842463872205	0.968585468295413	-0.248680901170467	0.938005970760508	-0.346619097595095	-1.15595289832432
-13.5596063206869	6.55006970369664	1.03270359388311	-3.56311337968673	0.858687715395929	0.512499177977995	0.409148539209809	-0.912467792780918	-3.39256084819825
-16.5324672926843	-8.97522303595392	0.271400246442503	-3.60580210020399	0.268080691528057	0.963396461914740	0.447716047727811	-0.894175788425849	-3.26846247730642
-18.4461396022092	-25.8848881221757	-0.625831356526354	-4.49945277447127	-0.585771270148780	0.810476414874786	0.977414618464538	-0.211330697277566	-2.10585571497532
-7.51055617403538	-30.1043758271567	-1.31086060206039	-5.96060850016164	-0.966406500058999	0.257018436388745	0.317011510046155	0.948421690229750	-2.37468630667359
7.84561257905527	-43.1606325755439	-1.26671420456547	-7.74412131864302	-0.954122183151391	0.299417533919480	-0.993971422605272	0.109639459338556	-1.33574330371912
-12.2367770951362	-26.4855699052415	-1.39788067661860	-9.35835558954474	-0.985087301829625	0.172055246284530	-0.0663735401736493	-0.997794845228626	-2.57104346676732
-19.1025900682523	-6.90865499369540	-2.24676471641141	-10.2642328912031	-0.780101441089072	-0.625653052106959	0.744279195698832	-0.667868608971779	-3.41087865768433
-29.4220597783424	32.0851056000595	-3.34195028739474	-9.80447618331235	0.199019823021830	-0.979995464297850	0.370640202475281	-0.928776528724258	-0.526409591065728
-19.9880750271681	-3.85125605148944	-4.51373796800348	-9.08390044196346	0.980333688480869	-0.197347052750972	-0.334314248583947	-0.942461661391991	-2.59590043354221
-15.7111597743259	-28.6955537448554	-5.48235899179102	-9.97708848451894	0.717931545404936	0.696113709182975	0.524655610145855	-0.851314566269414	-2.55682575893856
6.21814655108283	-46.0208563698190	-5.75700048489578	-11.7445970348859	0.502237907720341	0.864729486052542	0.732354652681969	0.680923389740044	-3.41514906347502
-11.7592096087993	-29.4461334667662	-5.82738966432301	-13.6569646343999	0.440176869600591	0.897911088843781	-0.886901483582314	0.461958611154170	-3.17168664092273
-0.158090254111893	-0.0463118724142952	3.12668332547534	3.12119933585086	0.0149087757596447	-0.999888858026405	0.0203919042143197	-0.999792063502464	3.47674938143637
2.10562245776404	-3.33843705671371	3.18716500047965	3.03596471374941	-0.0455565741247770	-0.998961760306176	0.105431629625785	-0.994426554087556	0.973217618047203
2.09339770936669	-2.96211458870576	3.29581710478775	2.86429293494023	-0.153613801780908	-0.988130962930732	0.273759524115365	-0.961798171632765	0.602523828352461
1.60910023773467	-1.71426562318559	3.38190093085416	2.76068008554535	-0.238002056541031	-0.971264650382294	0.371767784518148	-0.928325758769231	1.46641035270648
1.46455747068915	-0.832526265419574	3.48444158159592	2.66430104769291	-0.336171575322264	-0.941800760217015	0.459375152994014	-0.888242348017548	1.70860637498511
1.36567141529838	0.0252988918433001	3.54937040969141	2.66510804601574	-0.396570279269935	-0.918004364695379	0.458658193403525	-0.888612773723074	2.19939281713097
1.40345232415449	0.790704941849939	3.58846727610054	2.69669224037747	-0.432149177222287	-0.901802133855371	0.430367990069833	-0.902653528837755	2.54689343148765
1.46631675557041	1.47128995821486	3.67436290168015	2.73096724716183	-0.507921587987557	-0.861403308825894	0.399182823250177	-0.916871350638692	2.80171047089616
1.51001419709713	2.03481613061393	3.76414056524330	2.84171859269639	-0.583106962701253	-0.812395390219147	0.295399890094147	-0.955373699100182	3.13868911975791
1.62358426101101	2.46031829835729	3.83222353995843	2.94898191283749	-0.637023624110915	-0.770844278907611	0.191422006911979	-0.981507827411371	3.30059380440126
1.72245173102428	2.69606588663922	3.91194102254317	3.09797421584839	-0.696385294169080	-0.717668114148207	0.0436046078823008	-0.999048866758494	3.37554910854359
1.80747101613597	2.80871793076078	4.00433218980413	3.22726124726702	-0.759627092906507	-0.650358885325947	-0.0855638436138347	-0.996332689750782	3.42793445262767
1.90083202416654	2.65326543696368	4.10240067863944	3.35608267746699	-0.819654719338880	-0.572857871609968	-0.212849165945555	-0.977085069252561	3.45023518697252
2.02410072606425	2.29140991996286	4.16876826068626	3.47353498974949	-0.855841521011021	-0.517238137528105	-0.325879948238433	-0.945411158880683	3.43568724596767
2.18141632583116	1.79423784049376	4.30545321272600	3.56831152039237	-0.918337946840807	-0.395797189722478	-0.413886126104901	-0.910328662966227	3.47943071844875
2.31218787768265	1.21553128673873	4.40620426683585	3.67138115639091	-0.953490521873602	-0.301422999615502	-0.505350848621097	-0.862913970102430	3.49095802693673
2.44012234101381	0.636323897693383	4.52487319050097	3.68196430631055	-0.982470369692400	-0.186418809878400	-0.514454725903108	-0.857517542092264	3.49085612407642
2.49949130290452	0.119866609842734	4.64864283708818	3.72020146330223	-0.997968902539536	-0.0637029792398633	-0.546859728127238	-0.837224245798343	3.49397716084644
2.53054874668719	-0.328770514863351	4.76689211641263	3.70955352851276	-0.998515071729148	0.0544761556071517	-0.537914186629820	-0.842999601318043	3.48325148081701
2.53566261591711	-0.656447777681033	4.89457651003939	3.69154935130294	-0.983449706613748	0.181181330609233	-0.522650312179229	-0.852547154812539	3.45470171667163
2.51046168473482	-0.969996301723046	5.01521951212342	3.66061403670660	-0.954496183885786	0.298223129464284	-0.496030637549701	-0.868305019340576	3.35026291284533
2.47763751311265	-1.16439418619905	5.13644366637649	3.58592787440915	-0.911428098446300	0.411459379966676	-0.429857748450106	-0.902896625366052	3.04409702033441
2.40249092457711	-1.32277987411703	5.26787745757324	3.55090350614717	-0.849642939100904	0.527358394297444	-0.397977201910222	-0.917395305612423	2.58753206601631
2.23686256007975	-1.51666900910710	5.39120231456394	3.45830202276012	-0.778318338286269	0.627869862541037	-0.311441279820569	-0.950265399361529	1.83900913207267
1.86297378596124	-1.89672242987903	5.50246564280806	3.38121382617315	-0.703790856180680	0.710407228817716	-0.237334639923854	-0.971427953423317	1.28961167050872
1.27468167846579	-2.53477910102221	5.56902766942721	3.26174443194949	-0.654981122127959	0.755645240609639	-0.119862892775703	-0.992790454695975	1.19075428213593
0.618867722588283	-3.29895439533776	5.62369832588584	3.10645103929751	-0.612711490516100	0.790306667939440	0.0351343818153604	-0.999382597014003	1.39550454562519
0.0622017468029508	-3.85180445668467	5.64166677355472	2.95113302672155	-0.598412761723391	0.801187972080575	0.189310230542925	-0.981917326770327	1.96735825828014
0.0401039605256458	-3.44185257245986	5.62350980743852	2.74701176524640	-0.612860467013530	0.790191146477837	0.384421316403780	-0.923157760891596	2.68640818846028
0.837400827261147	-1.61683556089321	5.65431985303456	2.62898559997533	-0.588227634706832	0.808695399867717	0.490450877025470	-0.871468838929395	2.89461699293393
2.04097649298061	0.930656000303429	5.75770973242520	2.61739040332143	-0.501624474199281	0.865085479524593	0.500522533317676	-0.865723508772435	2.63451153873232
3.23955331237260	3.44260278760561	5.86487211474859	2.72275779204256	-0.406219668349971	0.913775454389994	0.406696301488045	-0.913563417807404	1.84251788344276
4.08012308838821	5.17741681882928	6.02654564633147	2.92432794379981	-0.253831708464270	0.967248398178105	0.215559447294295	-0.976490719199204	-0.0249711597516877
3.78635752189772	4.93576653126735	6.23918479253308	3.18390346982306	-0.0439863181893120	0.999032133523316	-0.0422981931895471	-0.999105030941642	-2.04715695197274
2.31228090428952	2.60450536960417	6.39907792445111	3.37116624250575	0.115633363904725	0.993291963700541	-0.227562320678612	-0.973763518626245	-2.67087665232299
0.580429018982013	-0.370670479413956	6.44897638607111	3.43587355401360	0.165032614253191	0.986288110154816	-0.290051738996499	-0.957010965822810	-2.48171248165311
-1.01314913136466	-3.07253583325602	6.47647978665060	3.33615959864938	0.192093057019249	0.981376715357054	-0.193341669266469	-0.981131489111044	-2.50099936437817
-2.49306364537402	-5.48168877205886	6.35651986214154	3.13666855231852	0.0732688409548585	0.997312226409128	0.00492408137236854	-0.999987876637831	-0.593341802746991
-2.51602351171745	-5.39125087914662	6.24527758901591	2.85514830856641	-0.0378986399484523	0.999281588487478	0.282543240079717	-0.959254563442497	1.36309857574417
-1.30253363210755	-3.16412525273581	6.13968747978523	2.64507660019997	-0.143005858579439	0.989721841939420	0.476365184394873	-0.879247525499185	2.69661749397509
0.466515247392593	0.0322016919566068	6.12238173432699	2.54827357323788	-0.160111464134920	0.987098940862856	0.559115912215050	-0.829089498611539	2.96546667761240
2.36884907149190	3.36600607378274	6.19390320480891	2.65877132280786	-0.0891635339928134	0.996016999958290	0.464279840442070	-0.885688562508902	2.13761075079023
4.05394456912320	6.00674400199964	6.37036587246032	2.87277947868131	0.0870701719724765	0.996202180861236	0.265587421622308	-0.964086781091834	-0.235805453204079
4.55492648222261	6.49939942839704	6.54857369529401	3.19137727295202	0.262284078842866	0.964990705647235	-0.0497640566450425	-0.998761001774814	-2.81339867394537
3.44019697654278	4.37287993801605	6.77536005584007	3.47512392120675	0.472543625941380	0.881307279887199	-0.327381729761741	-0.944892164756492	-3.43970604379696
1.96312465959794	1.49602521604223	6.92369512632531	3.61290928624003	0.597604287508559	0.801791191989153	-0.454059760414064	-0.890971230721129	-3.49742134106663
0.575417502136726	-1.28313906809788	6.96991250286803	3.61375731501143	0.634009640394139	0.773325142412488	-0.454815166292473	-0.890585854654311	-3.49999851205379
-0.538402617431994	-3.52834079100022	6.96265329922703	3.50722145108994	0.628379260183502	0.777907131585278	-0.357536598557624	-0.933899127685557	-3.48984676421413
-1.20915844185332	-4.85141325632356	6.91055198595027	3.28346962229404	0.587014921734081	0.809576112333813	-0.141401472182328	-0.989952334036680	-3.45319179337606
-1.48355907060381	-5.29241753686077	6.85695925234705	3.01925788473290	0.542805486414588	0.839858442785582	0.122029857582636	-0.992526429803439	-3.49858399109872
-1.56721868599734	-5.13481523665251	6.78170221538901	2.74798837201995	0.478123476325424	0.878292628562082	0.383519571101777	-0.923532749057611	-3.32900149356311
-1.61031094374003	-4.60747917068687	6.69121225883450	2.51589402650159	0.396799029559961	0.917905512642926	0.585663690910121	-0.810554156827003	-0.0263437684551397
-0.723364397679475	-3.13595088375977	6.63024559589666	2.30935157634992	0.340134845226398	0.940376672968239	0.739441965447053	-0.673220305498727	3.16951380449327
0.926325306966030	-1.16630103528651	6.63227711703460	2.23125785803983	0.342044537119801	0.939683741812372	0.789709174784876	-0.613481392758241	3.47683109276632
2.55244390882660	0.312641980823278	6.72764889224958	2.21050041109968	0.429973644557045	0.902841439559756	0.802272442267727	-0.596958062494994	3.49747140152830
4.22117857208922	0.930194790630005	6.88715543750751	2.22317112329397	0.567914704819598	0.823087412156005	0.794644360523019	-0.607075234455304	3.49955745138322
6.03723123733608	-0.0694504470934619	7.16019499886672	2.26877803355244	0.768830157426094	0.639453038957645	0.766140848811864	-0.642672700355193	3.49929928877615
8.72799775842550	-4.10533364078105	7.51058168619336	2.18388559007497	0.941615380064512	0.336690475104308	0.817874371079742	-0.575396831005278	3.41485040569393
14.4467871848987	-13.9411956921166	8.08794110547518	1.71662684442900	0.972756094580836	-0.231830930757396	0.989385561114771	-0.145314181887418	-3.16934842154065
10.3205683041156	-1.55842326368860	8.70329424106105	1.35928619349241	0.660499414746823	-0.750826559945175	0.977714997406004	0.209936618643289	3.49829183017159
0.0772509446852953	-0.00191107181670710	3.13976880648045	3.15750947108442	0.00182384609820092	-0.999998336791322	-0.0159161454285723	-0.999873330134721	3.47762639327190
2.31598226573378	-3.31555367030349	3.22182428671753	3.05036994305400	-0.0801455841202036	-0.996783168671117	0.0910962436092304	-0.995842093105271	3.49986370739449
3.58547179685059	-4.60187469562703	3.36709904889036	2.85104481555220	-0.223599964659215	-0.974681002074216	0.286477144611956	-0.958087076217491	3.48079000066958
3.79247085685510	-3.60006323293387	3.54208079468119	2.61259996868345	-0.389867903614018	-0.920870793179809	0.504663966288588	-0.863315864055487	3.19033442908140
3.80474304581174	-1.84609909294797	3.73334728369044	2.50789964989477	-0.557818159250487	-0.829963192684109	0.592124782278342	-0.805846289444722	3.02202330064425
3.84844817412652	0.128800946990520	3.92533615567060	2.44488534267912	-0.705935791487841	-0.708275834895160	0.641695812026232	-0.766959245871640	2.80708396563814
3.78153260470658	2.13043941786451	4.11921312925173	2.50341563142650	-0.829169571842448	-0.558997156639111	0.595732247068670	-0.803183098553818	2.71707974924754
3.47342164199755	3.87332920934910	4.29355060987318	2.65813737579385	-0.913561990718987	-0.406699507146936	0.464841226729576	-0.885394055735943	2.86798752597959
2.91841413008423	5.16785098909636	4.45399586085730	2.89622130899667	-0.966801828034933	-0.255527347476374	0.242916563306636	-0.970047186105549	3.21128414936169
2.19599949381967	5.92479119649875	4.59377006237121	3.17670314555624	-0.992973021339144	-0.118340943433001	-0.0351032786875296	-0.999383689993681	3.43001242542593
1.43055042669039	6.19131812580151	4.67561083985799	3.47697345309341	-0.999323760420108	-0.0367698498747941	-0.329128777005209	-0.944285046025328	3.49397573417247
0.774730733089229	6.01806876805682	4.73126976379426	3.79816165690122	-0.999821763303892	0.0188796616467528	-0.610402787838950	-0.792091179472691	3.49992060730103
0.468300858709167	5.32545896691808	4.76372279669049	4.05087258613391	-0.998682708962656	0.0513112738003062	-0.789061596710039	-0.614314086276234	3.49999999949945
0.638381854057301	3.82351217061504	4.78959735413582	4.29740142553719	-0.997020913846609	0.0771316883808042	-0.915121338183933	-0.403178541592242	3.49997660296468
1.32744484465266	1.57027015298634	4.82740917796555	4.43466158448696	-0.993392466506075	0.114766752541736	-0.961681002956193	-0.274170838261785	3.49993495735011
2.09661087331415	-0.823516830628898	4.91154866055730	4.43938372244719	-0.980233177568537	0.197845691370547	-0.962964948623791	-0.269626607963641	3.49999787728958
2.63513479795301	-2.70483810457394	5.04775932567148	4.35874333891793	-0.944288486757327	0.329118905226604	-0.938116390696390	-0.346320137310520	3.49993963068185
2.76701651630749	-3.79069026522793	5.18719676650875	4.19224149899339	-0.889380611990194	0.457167504330686	-0.867745889666013	-0.497008119619529	3.49699658416121
2.69454435144300	-4.43739633562477	5.32494657248558	3.97754597380252	-0.818180177380959	0.574961909469542	-0.741936022029488	-0.670470684828993	3.47108871402792
2.45611064753332	-4.90517903786259	5.44689372809553	3.75603958747684	-0.742162772236462	0.670219680035054	-0.576506704352338	-0.817092418173615	3.37906616416580
2.20329017148407	-5.31403900973101	5.58389624445270	3.49681987782165	-0.643673769660456	0.765299992323989	-0.347803412263937	-0.937567483660543	3.09667942113338
1.95156653136424	-5.64090740808198	5.65591680424842	3.23998853243592	-0.586935438090754	0.809633739114925	-0.0982371816557546	-0.995163029930440	2.79518390604580
2.02895773285063	-5.33241014440910	5.75746704646087	2.94739309015653	-0.501834403529084	0.864963716831295	0.192981206544871	-0.981202453075045	2.16325322712424
2.61768873987727	-3.92412091875415	5.86519245630736	2.70845630302861	-0.405926927258681	0.913905536544300	0.419719582680751	-0.907653828237559	1.19079658986431
3.14502552612535	-2.51257865542485	6.00948370766892	2.54787749347143	-0.270297095066841	0.962776962955817	0.559444253924623	-0.828867979083956	0.409079168145721
3.39253038857512	-1.65301057340858	6.16771024048664	2.42967352133473	-0.115218604202394	0.993340159887665	0.653287966491487	-0.757109524994514	0.104145851889495
3.60804540393179	-1.02690960910618	6.34644982143961	2.36484915178377	0.0632223210689834	0.997999467995174	0.700960605580994	-0.713199992585198	0.0681210112319435
3.91473633029096	-0.582559309126281	6.53264195631675	2.32727930791449	0.246877463359519	0.969046705832681	0.727254472578838	-0.686367927655479	0.150914757494438
4.36945711381584	-0.432855736779287	6.74796788672473	2.32679741381615	0.448228455756962	0.893919040769201	0.727585144777455	-0.686017388335872	0.341398417743427
5.04796584648039	-0.803415914070546	6.98575679413699	2.27585592864316	0.646182336821085	0.763183062954389	0.761572926395343	-0.648079221840689	0.285471630652425
6.08859107424954	-2.20028842136527	7.25727218199602	2.21281421014364	0.827189126488655	0.561923614932614	0.800889054957496	-0.598812760092241	0.107131670347606
8.05001138593119	-5.58292890363791	7.59919080021196	2.03965986282520	0.967716035743351	0.252043000627221	0.892082401277634	-0.451872757898428	0.120907906286960
10.7799705823960	-9.57134832657154	8.09665661422217	1.61393873987076	0.970698650568067	-0.240300082782622	0.999069510434617	-0.0431290310572109	2.05576104791503
9.96203329628399	-2.55436181771715	8.61568959426551	1.29241157179690	0.723658303621513	-0.690158430796607	0.961500566492351	0.274802948737616	3.26291608065945
10.4622000680009	6.11578924092324	9.11993221406708	1.38188963908539	0.300146037599309	-0.953893262432141	0.982210129916812	0.187785145016317	0.298038145730838
8.06480816473678	14.8693534576618	9.60022466083220	1.91741668965927	-0.174547997614903	-0.984648666544889	0.940526216077445	-0.339721116316079	-3.37589611793484
-0.588678236805931	23.7295984467115	9.81394426847016	2.85163920509176	-0.379417193528190	-0.925225698548842	0.285907617103362	-0.958257185979984	2.49047808110457
0.780861960510032	21.4840779167288	9.70766970204216	4.14716002312991	-0.279133612901944	-0.960252272139102	-0.844465990951757	-0.535609176663234	3.48713420619802
7.56603653544529	13.3263053160568	9.94865686608634	4.99344471962496	-0.500242579831380	-0.865885304947281	-0.960763143273406	0.277370118302971	3.22839469404049
10.0881727243364	5.26262895504439	10.3813545634214	5.46272435830332	-0.817223385022399	-0.576321038113769	-0.731460221139935	0.681884113973861	3.09556415915656
11.6615217476014	-4.55585345774214	10.9245999110355	5.49091806048227	-0.997482376053044	-0.0709148042623952	-0.711947236265878	0.702232961896106	3.49999999077422
14.5006359766689	-12.7073421977031	11.6280543723212	4.97312757931601	-0.806563895861476	0.591146920733551	-0.966199835134318	0.257794256309982	1.95655484913350
11.3276128351766	-2.31276729154397	12.2295299085381	4.61849154840398	-0.330506993479325	0.943803542725528	-0.995594874127297	-0.0937595147782424	-0.871841130690069
10.9449866925321	5.30593041784973	12.7943384204729	4.69888796188151	0.225998375249883	0.974127678687149	-0.999908862634059	-0.0135006083516003	-2.68634746573707
10.0180291647280	11.4145905516585	13.3293820329646	5.12708282595837	0.691101102671375	0.722758096382469	-0.915239715987370	0.402909744582280	-3.08020268796552
7.10587365379099	14.8399954624344	13.7462464870304	5.77820297963078	0.924558722104268	0.381039590306472	-0.483791973770222	0.875183024352914	-2.14566034019683
2.58734595392803	17.7062665677007	14.0018673080064	6.59784577416539	0.990860959005048	0.134887211846035	0.309493626615156	0.950901517027183	0.790651662505407
-2.47617078460063	24.4232591084641	13.9967854360223	7.62498853547535	0.990162687738520	0.139920876964197	0.973895452301095	0.226997021978806	3.38798701646079
5.37994842305140	15.4749337958494	14.0304004157381	8.63808033946435	0.994305866604953	0.106563800771999	0.708025039419334	-0.706187328939886	3.47916767993235
11.4529800887781	6.22827721467689	14.4822204416836	9.20196680199412	0.941057357558381	-0.338247024798797	0.220972159854338	-0.975280115950955	3.49966715003745
18.5572346249763	-10.9914584883760	15.1920668743763	9.10604364685218	0.493314775853080	-0.869850867634806	0.313364874917238	-0.949632800174943	-1.35489925255626
13.7237813361503	3.26867343672709	16.0442262824583	8.86230541742405	-0.329961711253379	-0.943994316247054	0.533279447078148	-0.845939141619552	-3.45710447708812
7.45598594912330	16.5060177113733	16.5839099124348	9.36766516215964	-0.768149954375071	-0.640269980237693	0.0570817545690559	-0.998369507394591	-2.10132262876979
-1.58727592716881	27.7370175361245	16.7231974105877	10.4697183649056	-0.849604066804898	-0.527421017469515	-0.864894625138126	-0.501953471356838	3.25225639540307
6.20649532732627	16.4437049872349	16.8486942673673	11.5735411761030	-0.908938514659432	-0.416930181887454	-0.837575114118290	0.546322183523361	3.44907647334046
10.1007193762278	8.09833585571698	17.2748366477592	12.1836830009956	-0.999992305253346	-0.00392293692258227	-0.373415018265373	0.927664391972588	3.49986278421145
12.2947084190164	-1.91842586455146	17.8186100300542	12.3533506309853	-0.857785568360290	0.514007702970309	-0.211412581850365	0.977396910285357	1.88916319637583
14.8228868381220	-9.76643650618477	18.5385111488714	11.9698538940933	-0.306053441853070	0.952014333258638	-0.561764178920177	0.827297411625432	-1.92822931671705
11.0159824483446	0.986100768454024	19.1470305657599	11.8011301041548	0.293106702374128	0.956079735703756	-0.692710478349975	0.721215774358929	-3.02449738670861
9.33296944409078	8.16850618734656	19.6551495774423	12.0220061681020	0.721241985531174	0.692683187544674	-0.517874506488966	0.855456600610931	-3.08956228756365
-0.131217413328672	-0.119404154371502	3.15447531295755	3.15185965499974	-0.0128823030301022	-0.999917019691455	-0.0102668210345349	-0.999947294804004	3.45047182497812
2.10328302147395	-3.38195406126614	3.21469815486609	3.05070849784532	-0.0730404009936022	-0.997328982744758	0.0907590912829613	-0.995872877103042	3.49999999187275
3.38739446277505	-4.71496076510192	3.35517074814119	2.83744122135816	-0.211958045036324	-0.977278766342736	0.299483663410862	-0.954101428229729	3.48901729919679
3.62628164141008	-3.80086343578633	3.52021987481835	2.63116041945840	-0.369645269212136	-0.929172952118758	0.488554431233164	-0.872533419258219	3.31934560559805
3.68114090177154	-2.11840329034769	3.70564077676617	2.46913390619247	-0.534611629256397	-0.845097867624704	0.622911327510260	-0.782292450468114	2.74830274161784
3.65953761532905	-0.169861725807697	3.89656440503359	2.40313627349739	-0.685268095764416	-0.728290901307583	0.673147193978657	-0.739508522762693	2.71301328665684
3.62737977180831	1.79959605052895	4.06181156116424	2.47259614926351	-0.795734219593521	-0.605645978908380	0.620199112850370	-0.784444427872117	2.96991696986065
3.47170298129335	3.59469188384381	4.24924727488567	2.58081944896032	-0.894653323455165	-0.446761044441688	0.531841140646187	-0.846844142163222	3.13494699528939
3.07471340326906	5.01974091757247	4.43017522611508	2.81268321656223	-0.960441300388468	-0.278482510237375	0.323011117152528	-0.946395170209504	3.41088654952430
2.45465220705419	5.92361920864154	4.56155066811240	3.07464907388205	-0.988645454692264	-0.150266978795501	0.0668935902723699	-0.997760115248386	3.49728905435160
1.66597604258321	6.32181793434387	4.64704127945788	3.37143461343668	-0.997865598702398	-0.0653012015686173	-0.227823642302616	-0.973702412448470	3.49999616957809
0.942036647279484	6.32370195350415	4.72237427731766	3.73685680255164	-0.999950147336800	0.00998513100120525	-0.560727489507762	-0.828000412143812	3.48931850370091
0.464991392569202	5.82164841035584	4.75784636778918	4.00064986945349	-0.998966990865500	0.0454417336941313	-0.757227118490388	-0.653151660047454	3.49740539721131
0.488599481662717	4.52451506777009	4.78091369383418	4.27631985318166	-0.997653100387913	0.0684710981829947	-0.906418982770295	-0.422379719770806	3.49953877411796
1.10566182827778	2.34231782829992	4.80832401084897	4.44811954365621	-0.995401763255904	0.0957879413446084	-0.965283584610219	-0.261204137184018	3.49892558499771
1.92921939199313	-0.197979180905267	4.87143022777531	4.49572906562694	-0.987379576365673	0.158371626802103	-0.976620909885199	-0.214968831170955	3.49657349003582
2.60626556097600	-2.36640528853768	4.99550294479899	4.43991745362593	-0.960190218481121	0.279346996284508	-0.963108719584833	-0.269112605166801	3.48318418753316
2.87827176556065	-3.68971047904898	5.15040632598047	4.26457027599821	-0.905594375171101	0.424144819205025	-0.901393747826302	-0.433000359560651	3.47260676515588
2.83527995045091	-4.39185268039051	5.28111839509934	4.08628981879904	-0.842585943941520	0.538561906443611	-0.810319513303423	-0.585988298824903	3.49046616520061
2.62484548184643	-4.87582588921412	5.43406367798912	3.85147908739596	-0.750700405465059	0.660642793977650	-0.651747642546477	-0.758435897380332	3.49934948761052
2.40816029443361	-5.27273952459744	5.56734505585541	3.57915116711311	-0.656251653278046	0.754542091317530	-0.423729258828697	-0.905788891084718	3.49825966099689
2.26325290423335	-5.51406060654520	5.67914946955040	3.31865368244756	-0.567968786446138	0.823050094236615	-0.176137316178796	-0.984365605783406	3.17685802529352
2.47667288544672	-5.09322148134434	5.78393145330369	3.04309488570196	-0.478770600381576	0.877940039074575	0.0983385773531150	-0.995153015472578	-2.13928158224302
0.0230353876887423	-8.21062399148074	5.83964478319269	2.72294154234957	-0.429140083700587	0.903237946812164	0.406528427064607	-0.913638132954386	-3.03048216405546
-1.60227005921067	-9.76745069118470	5.77542301358276	2.25372658630114	-0.486223080307889	0.873834719026377	0.775726856370736	-0.631068811069899	-1.72286872951721
-1.38375510790215	-8.26402128297704	5.71970427982787	1.81033702939513	-0.534132291845000	0.845400907740468	0.971447048592563	-0.237256468364508	-0.172622608305364
-0.820987124871373	-6.36109098316552	5.67818844765338	1.44926381572546	-0.568759493209815	0.822503883810718	0.992624009792784	0.121233556340210	1.04422415349431
-0.418729654604310	-4.75943966097177	5.64949180150419	1.14941570372849	-0.592125186797292	0.805845992209598	0.912525106775662	0.409020695691632	2.17637919779133
-0.0635984427448239	-3.38771644936263	5.61905664838039	0.959623022222601	-0.616373225551783	0.787454155378515	0.818975305807900	0.573828762329718	2.64809491833882
0.207373754564380	-2.29087228649773	5.63543759801704	0.805596415115771	-0.603391860008267	0.797444834001553	0.721243896788382	0.692681197482298	2.79835920687479
0.359486093418386	-1.29722739918722	5.65303070393343	0.726260942102314	-0.589269674576625	0.807936414963677	0.664078729663645	0.747662651740958	2.73960025297846
0.474789652220231	-0.395537548348348	5.67361410175673	0.693319249878493	-0.572515946820955	0.819893584946062	0.639093629267404	0.769128944345366	2.53670543833557
0.518258316040645	0.509781329147269	5.67718170141010	0.699561566930004	-0.569587257535393	0.821930870604888	0.643882293223294	0.765124560103460	2.27728043318862
0.523484997811164	1.43039666962256	5.72072169747485	0.743510431500132	-0.533271889740612	0.845943905712711	0.676876094929973	0.736096971948907	1.54313931733675
0.370422663847156	2.49882079642896	5.74994754755803	0.832561298815302	-0.508324248445323	0.861165755498032	0.739657507198333	0.672983485715027	0.477762257958237
0.0963506054311296	3.73260508678670	5.74381175475096	0.993722006927396	-0.513598581284996	0.858030592287967	0.838062410479797	0.545574372694313	-1.17777481643559
-0.436600207710517	4.99237897417340	5.74689359981307	1.20168494509630	-0.510951829108451	0.859609346349101	0.932648315552042	0.360786806158344	-2.81116006494399
-1.23680948293285	5.99953035136433	5.68999841718668	1.49387418476061	-0.559006309691826	0.829163401100607	0.997042950539634	0.0768463062171564	-3.46208822280161
-2.31212757654896	6.25570451628334	5.62861119615624	1.79731634835013	-0.608821437724004	0.793307290378500	0.974453854606110	-0.224587811876098	-3.49869025858814
-4.49440440350482	4.31663022316053	5.44106907102996	2.05966642910935	-0.746053960452235	0.665885491727771	0.882864054375431	-0.469628642111803	-1.30789121376777
-6.33517441085311	2.82774899228075	5.17978825261419	2.24127083182338	-0.892743105620445	0.450566029974701	0.783526916677750	-0.621357844435442	3.49105846731664
-5.40659495582007	6.20891209891789	4.87452868968339	2.49537933142174	-0.986884129049547	0.161430219692958	0.602167561210574	-0.798369731531519	-3.17845010547946
-7.94362428484575	7.98417923969017	4.56039471647878	2.80809178102125	-0.988471092845422	-0.151409704474244	0.327353009567429	-0.944902115103542	3.49961801501331
-11.0401769330496	15.5979103691973	4.10677618079234	3.36471522592330	-0.822153406051357	-0.569265998385774	-0.221275864585854	-0.975211254934941	-2.01356059139451
-11.6905721650221	14.5955382505311	3.41876049630007	4.33874994802691	-0.273632683697930	-0.961834265563599	-0.931005245060455	-0.365005799501764	-2.82236522010319
-10.4062710704581	4.29110233540161	2.89385764198810	4.81470119527992	0.245208751124580	-0.969470302986081	-0.994770669357736	0.102133811177114	3.49349620112187
-10.4637073220360	-3.77038609760964	2.38366568540446	4.79510666112523	0.687417357770145	-0.726262608314867	-0.996580842864200	0.0826233843175263	1.53410665945721
-10.3753254013623	-9.89842931098478	1.86368973940564	4.45365638581884	0.957412487765209	-0.288723619177984	-0.966715027171769	-0.255855537833925	-0.910017670479520
-9.22062683976158	-13.8704041287689	1.32587387829208	3.82343087178232	0.970156132661438	0.242481088457230	-0.630221309171098	-0.776415546899125	2.12764702448559
-4.84609923520311	-12.5472675270978	1.00825558843839	3.15342184644829	0.845902772654680	0.533337134667300	-0.0118289169843211	-0.999930035914002	-0.825707572800326
-1.62407130414008	-11.0624904461776	0.850685523897642	2.57311879168293	0.751732662793919	0.659467970176538	0.538346563656185	-0.842723547433900	-2.65969256206762
0.458202533058061	-10.2606293813920	0.816184978506557	2.02231525892313	0.728537826787274	0.685005572926291	0.899785380747059	-0.436332749852530	1.83889991877395
4.17638182525300	-12.5257190171010	0.911790375609284	1.47313804085349	0.790601309168095	0.612331258341181	0.995235218266165	0.0975031298097562	0.408415149635195
5.93909013753808	-13.7859992454947	1.22174638236343	0.783591827980786	0.939698060828288	0.342005196562209	0.705828356268387	0.708382898923645	-3.49933310689940
3.14719073102551	-9.19992020296802	1.43988957903612	0.247703665865947	0.991443940635762	0.130533185729268	0.245178362244190	0.969477988758516	2.50457156464263
3.56062330477410	-8.36827882409315	1.59081874387130	-0.185966345982291	0.999799558103726	-0.0200210792814476	-0.184896303989964	0.982758035719297	3.49999693632381
5.12423935815609	-6.59090589056502	1.79080399219733	-0.599467532304937	0.975895776484051	-0.218237103721139	-0.564202928819041	0.825636151771479	2.16298127029759
7.90097536720650	-2.55221430607808	2.10614957645356	-0.828378960683658	0.860088474430902	-0.510144897211687	-0.736836401892190	0.676071088604276	1.26373706938747
9.25475869550947	-2.03805212187148	2.55513796774488	-0.921376400873257	0.553411586815106	-0.832907927431830	-0.796434717540414	0.604724516367842	-2.28408150582630
7.49986216063337	-8.35427394920852	2.97365327033327	-1.18853390076123	0.167151078845484	-0.985931294178652	-0.927823079448811	0.373020553377593	-3.03600703466631
-0.0443897701211062	0.0221263013528786	3.14550637373386	3.15826003172495	-0.00391371015286699	-0.999992341407093	-0.0166666064421218	-0.999861102468590	3.46299607951002
2.21481313069510	-3.34212087890053	3.18158476020152	3.05618887333217	-0.0399814471109878	-0.999200422281191	0.0852999983501528	-0.996355313270052	3.49860192957933
3.54267487018243	-4.69955237469671	3.35084047466865	2.82585701184764	-0.207724186706687	-0.978187437180138	0.310515832837635	-0.950568207735326	3.49289378170905
3.79314021896659	-3.74367405633774	3.52616293812896	2.63453437421477	-0.375160842469660	-0.926959730666578	0.485607767794173	-0.874176810409634	3.17783228565354
3.77528331797060	-2.01250090143148	3.72585361581301	2.47445757114879	-0.551583086860636	-0.834119954376643	0.618737857206783	-0.785597520400337	2.27188146915668
3.58616377148663	-0.00421478539692477	3.92183991934086	2.41472336205506	-0.703455182269166	-0.710739619367497	0.664533446901293	-0.747258521496735	2.99072263641574
3.60272559342038	1.92700456496412	4.08735976561232	2.50062164257776	-0.810946025675495	-0.585120964793708	0.597974003517076	-0.801515496492588	3.42175792950422
3.56899213442705	3.72117313963003	4.26548801732573	2.63613973621986	-0.901790750496288	-0.432172931034953	0.484203772408889	-0.874955259876184	3.44477991330525
3.23224368301008	5.17186043953370	4.42742196834953	2.84895748071175	-0.959670926947363	-0.281125793857463	0.288476367608643	-0.957487015750774	3.44544214221207
2.57662332000873	6.07581048381586	4.58619238148308	3.14044492973801	-0.992047771277404	-0.125861906483002	0.00114772359981006	-0.999999341365052	3.26495628868129
1.68263413863741	6.50314933477695	4.68363822346728	3.43770907481651	-0.999586725457450	-0.0287467961563079	-0.291807862934671	-0.956476957971022	3.39413317045418
0.894885127017160	6.47501946868019	4.73722466233974	3.76777599374619	-0.999691610302918	0.0248331288797443	-0.586056508287133	-0.810270182775038	3.43075282497516
0.427883887537609	5.91478428494804	4.78570023843714	4.09524740980738	-0.997313933076041	0.0732456066422945	-0.815535977456310	-0.578706375871547	3.43378202314999
0.516029283966659	4.51673670122794	4.80548844410531	4.36112036559393	-0.995669374262065	0.0929650319022562	-0.938936951828438	-0.344089233326360	3.44501209714210
1.16779501599969	2.15902240366484	4.85303414587361	4.52195589808057	-0.990125761734091	0.140181938745638	-0.981922351581943	-0.189284165908793	3.40479017171280
2.00562609205956	-0.413531516097649	4.91415378707573	4.56719597819326	-0.979714438829765	0.200398648569494	-0.989478000087518	-0.144683403826443	3.44524472503346
2.71483779971456	-2.59471246788244	5.03405911751714	4.49192991350807	-0.948708725154754	0.316151474478993	-0.975797164511187	-0.218677602263988	3.44782243603451
2.96375041921280	-3.89849476802880	5.18064343352763	4.31651788831056	-0.892357463751483	0.451329321988967	-0.922661010856659	-0.385612057701739	3.44165794778806
2.88097512496411	-4.57289741914274	5.33286166877730	4.12251786766111	-0.813603717172492	0.581419806510841	-0.831012380055151	-0.556253920610968	3.38829008559985
2.63179187779559	-5.08204882641928	5.48351461549929	3.84631893215396	-0.717126620691419	0.696942902894998	-0.647825335854261	-0.761788903978861	3.37140639919131
2.35409091194950	-5.53358967331526	5.59250635325158	3.60189629546598	-0.637060675978124	0.770813657846237	-0.444220165557201	-0.895917654984169	3.38232748722192
2.12987612322340	-5.86023907188501	5.70226846711544	3.29051329085907	-0.548790608820766	0.835959848120789	-0.148370802980591	-0.988931799884550	2.52117194673393
1.98479386786463	-5.91537070291061	5.82119179619539	3.01860800769493	-0.445733514134912	0.895165702189791	0.122674851904484	-0.992446915814752	-2.49379449566881
-0.620957630271329	-9.25615507601680	5.84907297725098	2.62015638394077	-0.420605234050304	0.907243758363478	0.498126047264215	-0.867104630962682	-2.86155387288973
-1.69315537311402	-9.87857829467240	5.76625815030831	2.13626271328626	-0.494211123977165	0.869341914862747	0.844338797872639	-0.535809662480051	-1.02732146340805
-1.11949174179720	-7.87608453406895	5.70559757502519	1.69516055811714	-0.546004572309574	0.837782195452397	0.992276730990343	-0.124043900031879	-0.149197883739588
-0.645889579254294	-6.10173675433633	5.66205660451396	1.33792666071914	-0.581953417015232	0.813222122439064	0.973008167477422	0.230770678428240	1.33221511923222
-0.236144368259448	-4.55874777610710	5.63464925489515	1.07490032651822	-0.604020332593669	0.796968906428245	0.879542728175510	0.475819912691325	2.29797508143158
0.0997353873375596	-3.31566886548558	5.65023727307217	0.888051412416481	-0.591524287047345	0.806287180744634	0.775843808575323	0.630925023037871	2.53404013679733
0.292301079800847	-2.30175137210148	5.63950015235029	0.756583670049030	-0.600147226666092	0.799889558829841	0.686441150650336	0.727185359240574	2.81979632210694
0.468217560985341	-1.43396648348009	5.65362730174442	0.645325839032044	-0.588787556639563	0.808287828156785	0.601458784489059	0.798903830608505	2.87132911411567
0.646457798082728	-0.683313458414198	5.68881847744565	0.590258446388814	-0.559984283173167	0.828503230288835	0.556575757947287	0.830796861853367	2.31837865341058
0.594060788872927	0.103307779024284	5.72268920839018	0.578449903284270	-0.531606454772358	0.846991485933811	0.546726680908874	0.837311134753603	1.16238267370646
0.225950486507355	1.13509292979283	5.75641954363773	0.608160857206024	-0.502740179976755	0.864437569427046	0.571359042358262	0.820700216105400	-0.760272213624196
-0.686809792161744	2.56046212287263	5.73229645446072	0.705980585876698	-0.523444791093312	0.852059593383749	0.648780343389104	0.760975732879778	-2.32484693147740
-1.91366812818728	3.84368189298798	5.67369943350652	0.858063758604214	-0.572445981782406	0.819942435748497	0.756577866663510	0.653903610385271	-2.87965158951171
-3.13465789110452	4.41830993167982	5.54950359808868	1.07477242231350	-0.669608624479290	0.742714137486930	0.879481861613719	0.475932406012101	-2.58317878180071
-4.50938933676239	3.93998669832572	5.35598447768297	1.31758459076714	-0.799943363333412	0.600075508131126	0.968112829585556	0.250514568821552	-0.262156904494183
-5.75814257714520	2.73561700772882	5.08154000484023	1.46898288522272	-0.932634012235530	0.360823778625326	0.994821487239072	0.101637633421095	3.28210311717865
-5.15128986018159	4.41085287760449	4.82448095037838	1.63199558502128	-0.993724270269540	0.111857385439094	0.998127909808334	-0.0611610632808725	3.49863860239355
-4.27652056534059	7.45682828784522	4.60701442601571	1.94420329246875	-0.994453237007265	-0.105179653002718	0.931089925675584	-0.364789734375073	-2.10665339353426
-6.64768516763573	7.95261593320962	4.30589383419888	2.29044696823604	-0.918512254429454	-0.395392511895359	0.752036044935469	-0.659121981971332	1.75262965592246
-9.02348627485669	13.2326076689991	3.92195680450283	2.81056894709321	-0.703538252379148	-0.710657391039659	0.325011328124350	-0.945710122918670	-0.366369065425873
-13.2253669814724	20.4174500073948	3.29814443331698	3.78180721685113	-0.155913089064334	-0.987770777386341	-0.597367527896125	-0.801967603220524	-3.41709876081101
-9.17864749758136	8.86427514291919	2.78527992663373	4.47085807493984	0.348820939210532	-0.937189389807782	-0.970972936500788	-0.239189373892395	3.16491849601043
-7.84871273388608	3.64597562087852	2.36279095533709	4.77477648894432	0.702427025540588	-0.711755768357519	-0.998054530523905	0.0623470456453913	-3.30397552200567
-10.3792281179890	-3.90082242970483	1.93832795038897	4.76800765486580	0.933217107421049	-0.359312997839892	-0.998453680206378	0.0555900034389359	-3.49943238653282
-12.3882244647219	-9.87023782917532	1.33482814859011	4.38642541192249	0.972288452061773	0.233784443424540	-0.947342610656828	-0.320221763835480	-2.60583744576499
-13.2345823094622	-12.6680661872779	0.710439352035425	3.83954763157863	0.652166895932819	0.758075418312289	-0.642652222124084	-0.766158026388145	-0.467141274357044
-13.0567434808345	-12.8066201325619	0.0164851542574393	3.21332430868109	0.0164844075991440	0.999864122921762	-0.0716701558763272	-0.997428387783636	2.59783064744560
-11.5185359020747	-9.71620776706711	-0.568344782877952	2.63955148312701	-0.538237781234540	0.842793029664887	0.481215834230933	-0.876602145152194	3.30600936711737
-9.70931996858326	-4.99927812176576	-1.08928835918238	2.25777107880546	-0.886297566504247	0.463116209615524	0.773168165623048	-0.634201062492874	3.47875043609733
-7.67851818187783	1.01685457032268	-1.51492016983609	2.16153509058345	-0.998439333657360	0.0558470859208119	0.830529433008421	-0.556974739917988	1.88249061581945
-7.21402466078629	5.61614227777249	-1.90462076334840	2.34625224927149	-0.944796145998500	-0.327658728719960	0.714101943529330	-0.700041723219147	-2.28696332477746
-10.0174624422628	11.4873767673315	-2.31889192283780	2.73784651467479	-0.732985656813539	-0.680244093620536	0.392866024212090	-0.919595719335288	3.44200952405031
-13.7478044606604	20.0459522281316	-2.95501470026223	3.62129662396492	-0.185497331404278	-0.982644767981742	-0.461516578537391	-0.887131584228146	-3.49999624864610
-9.63953123628005	8.03326588741998	-3.52202685501001	4.28743217188914	0.371323661939009	-0.928503493845987	-0.911056540859134	-0.412281432225355	-2.87754713776495
-10.5259582705312	-0.743435753838890	-3.99540556919987	4.46425222358927	0.753791397909213	-0.657113786522604	-0.969371713315641	-0.245598211360545	3.49209414554552
-9.83310364912869	-6.97690263077477	-4.50164638946984	4.27289144777181	0.977875844647349	-0.209186119174369	-0.904965569688143	-0.425484803111715	-2.55661662994576
-10.1887302566243	-13.1275017159916	-5.03677165340916	3.73272041956243	0.947847663757998	0.318723714694255	-0.557297775531771	-0.830312705784598	3.42308636930201
0.0762527976595731	0.0529565646002660	3.14029998639663	3.14296402328112	0.00129266683316250	-0.999999164505880	-0.00137136926148242	-0.999999059672732	3.30718397561121
2.23026874454431	-3.15692587356641	3.19209459822937	3.06638355287464	-0.0504804802930253	-0.998725047803141	0.0751382185281487	-0.997173128456847	3.49886010790279
3.56030088222611	-4.61880392000446	3.36755122572137	2.87925961188479	-0.224040669951900	-0.974579795710697	0.259334478313931	-0.965787568959987	3.10217538702300
3.66444940568704	-3.56246179688747	3.51921632376828	2.66056358562077	-0.368712610739276	-0.929543442062729	0.462691708936463	-0.886519251049550	3.10603889731117
3.64133242419060	-1.92395319181987	3.72868113751993	2.50516474727780	-0.553939371076617	-0.832557008961694	0.594326476202583	-0.804223874107590	3.13165428854459
3.69067617257583	-0.0316741623956778	3.89446978313518	2.46685267375275	-0.683741099523544	-0.729724680151587	0.624694296056531	-0.780869410640752	2.95770942377660
3.70841617090851	1.88141284224439	4.09124753825879	2.49236279008363	-0.813214708600638	-0.581963776978927	0.604573133140119	-0.796549638556907	3.23353502690413
3.58885131218169	3.70352868735084	4.28824910691132	2.66811086358345	-0.911393043950920	-0.411537020737960	0.455987787526690	-0.889986032264841	3.28027534847662
3.19674911636069	5.08671988643199	4.42696740670040	2.85035435989415	-0.959543038800674	-0.281561994397624	0.287138592916094	-0.957889048093862	3.41820864936122
2.52855458429615	5.96269526905693	4.58990588210260	3.16485856262900	-0.992508318266280	-0.122177077114494	-0.0232638101134707	-0.999729360946754	3.18890526568911
1.65253759628651	6.36059919786103	4.68674623292225	3.48345732995045	-0.999671242766421	-0.0256399373212713	-0.335244443690661	-0.942131181404447	3.30721845251475
0.857215038055835	6.31145465921442	4.74442852234744	3.77477661221956	-0.999486777780925	0.0320340606402472	-0.591714493501343	-0.806147603221922	3.44248134813238
0.446238146004021	5.71721042053841	4.78184243829445	4.07837350708355	-0.997589077973002	0.0693976333096198	-0.805655305304086	-0.592384612422858	3.45424992481113
0.564741451733936	4.24225834902171	4.82213109513703	4.34179602123555	-0.993984375109256	0.109521970575137	-0.932112758536346	-0.362168200390045	3.44001757567368
1.23636450822697	1.94554566161876	4.86024150871846	4.48468672784962	-0.989089711920167	0.147314431654474	-0.974187659016642	-0.225739684193266	3.44372884360830
2.04641416128443	-0.572780203146862	4.94716137224028	4.52078956223839	-0.972567313101278	0.232621627298413	-0.981700914851235	-0.190429288136697	3.43966510302073
2.67837552509874	-2.63534079845782	5.06165044527479	4.46246289529184	-0.939625698711322	0.342203954274727	-0.968930705904520	-0.247332341507068	3.46026580088997
2.88623591778811	-3.85398860660482	5.20003242910479	4.27832783979957	-0.883439461679387	0.468545320697619	-0.907265287680619	-0.420558792286886	3.46521685143699
2.82533113795318	-4.54179449175695	5.33780333672836	4.06453378013007	-0.810720611127842	0.585433250415877	-0.797379970144727	-0.603477574738278	3.45394191630948
2.59765868601810	-5.01248533533144	5.46598436561902	3.83452044074773	-0.729233391030043	0.684265052013344	-0.638792494997754	-0.769379066737940	3.47467956548477
2.38574598784691	-5.46021983628809	5.59305161830103	3.56665367781834	-0.636640283548174	0.771160910163178	-0.412376376411513	-0.911013569700095	3.42022062937982
2.25822857478806	-5.66434667912591	5.70427745345160	3.28081043908868	-0.547110070571782	0.837060673236379	-0.138768510721366	-0.990324845912781	2.21225659957937
2.00332588236245	-5.77269536357929	5.81844640373941	2.99831819608440	-0.448189412427601	0.893938616789655	0.142784780955762	-0.989753760451262	-2.51100152265156
-0.500056860985824	-9.03630428088967	5.83394102884934	2.61704641382572	-0.434284922580568	0.900775558071593	0.500820303491904	-0.865551283062001	-2.98268792894895
-1.60611107242656	-9.66413619447568	5.78553170713105	2.13105456465122	-0.477365061052788	0.878705069113675	0.847117910379518	-0.531404973550529	-1.48512090779190
-1.20749619524721	-7.92747645456000	5.70344755722637	1.70230626651586	-0.547804555580121	0.836606340452704	0.991365023708361	-0.131131192962317	-0.544356185916417
-0.842045224815435	-6.24652293402790	5.68070938640394	1.34782155066052	-0.566684206222913	0.823935076579161	0.975243948015447	0.221131729652813	1.24456366480541
-0.448669604675611	-4.70505307793077	5.64701550439062	1.08366371443519	-0.594118883393422	0.804377245075563	0.883678696386848	0.468093966583678	2.19509587020683
-0.138120930859312	-3.47584892490390	5.62131607044100	0.889671511444100	-0.614592462486891	0.788844791485815	0.776864950958008	0.629667251787015	2.70791507623215
0.138228566033338	-2.47881438735033	5.62275022246486	0.738839757930515	-0.613460507476155	0.789725398962892	0.673430655681331	0.739250398707104	2.92055712421847
0.343242998422101	-1.62396388004487	5.63446657251368	0.614911618654596	-0.604165914691704	0.796858549257481	0.576886332495977	0.816824436081182	3.04512295935159
0.546625708788947	-0.913135579838864	5.66808285082752	0.575673425731700	-0.577042202884827	0.816714329548482	0.544399801016086	0.838825879818718	3.27562021224926
0.822472587620516	-0.353284431452239	5.70219464276886	0.519090816947738	-0.548852321514806	0.835919331734713	0.496090926097866	0.868270575940105	3.38483241478293
1.17219282623827	0.0708916512899687	5.75904053909924	0.520217589381538	-0.500472768809289	0.865752278472523	0.497068954318410	0.867711043293101	3.46197776350969
1.62069533541026	0.336181245357304	5.80475778555767	0.529038451935110	-0.460383824860897	0.887719963618286	0.504703477162017	0.863292766181074	3.46839676909172
2.19867440524030	0.367407515142376	5.90706644137159	0.550936639505635	-0.367313412769993	0.930097229755718	0.523485507685735	0.852034578666270	3.35886265225711
2.98934581824553	0.0647344380481217	6.02277509968771	0.559828776481977	-0.257476950660648	0.966284440461759	0.531041120134298	0.847346050162807	1.89621406005288
3.39686707850613	-0.137993141526796	6.20045646629170	0.557592764267599	-0.0826345063014260	0.996579920712995	0.529145118059114	0.848531345345714	-0.182485594324361
3.13637757063147	0.579734511011818	6.34849581638798	0.573142566512878	0.0652640891871018	0.997868026676162	0.542275109564454	0.840200991160365	2.69558375087736
4.78373722032030	-1.34338258545164	6.55236358379860	0.562425143938884	0.265939393646061	0.963989750416033	0.533239349465903	0.845964417798515	-3.49984342210173
2.92467376158485	1.94325596618648	6.74972319511009	0.584810368833771	0.449796868019439	0.893130884876289	0.552041274607490	0.833816785109138	3.06377170830753
5.65527044176163	-1.34818546639900	6.95509728533246	0.605693216316880	0.622483500967769	0.782632922271297	0.569332111429002	0.822107624886057	-3.38658356619868
4.23590334695580	1.92940793951956	7.20179060376144	0.610197319792769	0.794755907065980	0.606929195362797	0.573029181724130	0.819534963801163	2.83219396062970
6.50422091540761	0.622842758899312	7.48837702297768	0.682085742452508	0.933907774972533	0.357514010698676	0.630413471546541	0.776259528052724	3.07794918773949
7.97910284212415	2.37351988073229	7.84667607267905	0.730788975840369	0.999973314505766	0.00730549631114723	0.667457351985560	0.744648026439622	-3.13797253588654
6.36308759521423	8.05160751192289	8.22217512450435	0.998161089118253	0.932979085639346	-0.359930584640386	0.840475994822284	0.541848781605618	-3.03347046778524
3.23154581911330	14.0872352952531	8.43716492272768	1.51913505330217	0.834713896355691	-0.550683857790204	0.998665853174102	0.0516382968739631	-3.47206146730048
-0.267402000188415	20.3145811081780	8.51229792864791	2.43083761817154	0.791023419359249	-0.611785869422629	0.652406175245164	-0.757869502290452	-2.87035140394732
4.57703508780808	14.6426367614615	8.60777599753738	3.32176822386922	0.729097222678557	-0.684410140107826	-0.179202304377708	-0.983812245352598	-3.49999875479798
7.52148138566935	9.37979875713608	8.93386424002009	3.92938281187177	0.471431897440294	-0.881902469707305	-0.708796152472946	-0.705413364091969	0.795407505834628
9.67094579505136	1.73776730694814	9.37069385156785	4.21405114916178	0.0540577462352059	-0.998537811037704	-0.878378235390154	-0.477966186662697	3.49128699733936
14.2098374945452	-11.1614822674880	9.94022622799789	4.01144024447652	-0.492924923243818	-0.870071847633904	-0.764230650706483	-0.644943030445904	-3.49970298017671
9.79443167477162	-3.90242993546110	10.5891675353014	3.53126318586205	-0.918547201136231	-0.395311319449362	-0.379883666807817	-0.925034269469325	-3.49293292769387
6.26139352530320	2.35949878753579	10.9620532360355	3.52107818175102	-0.999438222159141	-0.0335147741656679	-0.370442648543536	-0.928855340803965	2.12578203013770
5.28508368803652	4.56485217427270	11.2527063602472	3.71045585926231	-0.967123291181776	0.254307962230305	-0.538674632003663	-0.842513881687250	3.49999995051718
4.72185011987992	5.69427425302734	11.5107883206880	3.96055285945797	-0.870187283592480	0.492721109222998	-0.730436064999670	-0.682981079494738	3.47701838159420
4.19456120171173	6.15352936947188	11.7074362113944	4.23637048292969	-0.757146897331159	0.653244652379030	-0.888826462411061	-0.458243952189047	3.48137263716526
3.85053568310720	6.01845722917216	11.9246185816298	4.56919530392193	-0.598599822082437	0.801048221396736	-0.989765291525370	-0.142704827149255	3.34067272767818
3.85261048537349	5.49032368302798	12.0917448588822	4.85174606470424	-0.457005602229155	0.889463815751471	-0.990305506014744	0.138906460457683	1.49429527332636
3.54927648185376	5.13484296861537	12.3070375175115	5.12054716299237	-0.256436006247633	0.966561211046545	-0.917853432424487	0.396919483757838	-3.43759128907746
0.164112641041406	-0.0878550431164100	3.12532434150242	3.12986693274472	0.0162675945071051	-0.999867673929382	0.0117254521470856	-0.999931254523003	3.19430313518630
2.20106278643428	-3.14804544828389	3.19945831514932	3.04594118873613	-0.0578333737333253	-0.998326249721313	0.0955056757884577	-0.995428885401760	3.48359096529785
3.52953342614006	-4.53638964393852	3.33014424698920	2.84300699821044	-0.187436355956088	-0.982276749427524	0.294168736512581	-0.955753500887437	3.48163747697384
3.80303198842046	-3.62047539755637	3.52995502321082	2.63593928700441	-0.378673246825111	-0.925530427451701	0.484379146775479	-0.874858184032738	3.16611385722046
3.79500797260144	-1.85941827178081	3.70626431497453	2.50729820426637	-0.535138476104052	-0.844764352581850	0.592609347880398	-0.805490012852282	2.87071363953561
3.78383256594091	0.102275172442587	3.90365654520421	2.48519976782214	-0.690415959731771	-0.723412608783990	0.610263277220147	-0.792198669827542	2.87231585689527
3.75745240818225	2.08061142881870	4.09658171587275	2.51382967885080	-0.816307422675699	-0.577617686436762	0.587335707379546	-0.809343417120920	3.16582790982523
3.60036265634560	3.89175186635938	4.29202163591529	2.65643105486493	-0.912939090161401	-0.408095843712325	0.466351315704427	-0.884599598881183	3.35207166791968
3.17137281948615	5.27859621101116	4.46174500357229	2.88504819643160	-0.968752898401644	-0.248027865044261	0.253739621697497	-0.967272559509889	3.40834927794193
2.46429961448683	6.14155156883548	4.59345286633712	3.17271184456120	-0.992935434108687	-0.118655904578714	-0.0311141685561909	-0.999515837050648	3.43508892217046
1.65135623866544	6.47709298155775	4.67355901175091	3.48367288419383	-0.999246211486511	-0.0388202116152881	-0.335447516274726	-0.942058896155181	3.45250209472517
0.909546297193845	6.38066614254616	4.77055864123061	3.81797955357279	-0.998308622286797	0.0581368615238009	-0.625979477845576	-0.779839530490844	3.34654469411162
0.461951921736656	5.75427482698671	4.81036869759350	4.12090058149410	-0.995203826299229	0.0978230244849028	-0.830111671872383	-0.557597177379188	3.36474388558705
0.589317014298422	4.29507467278839	4.81967276893375	4.38230168686355	-0.994250612063138	0.107078104260750	-0.946014053066975	-0.324125610527453	3.48013859636551
1.30877149897291	1.86059199320938	4.86885317898847	4.54443513323308	-0.987784428641493	0.155826578392133	-0.985928876419853	-0.167165339234802	3.46553866762016
2.18601678423585	-0.737587820158803	4.95136964418796	4.55052133654877	-0.971579769068734	0.236712383149564	-0.986928012112040	-0.161161716634492	3.38570728768451
2.79136888674933	-2.76368746353761	5.05650991280335	4.45345895281053	-0.941372386690688	0.337369277759960	-0.966664494002395	-0.256046394302074	3.44334639343598
2.98635966168900	-3.95173796450983	5.23444528757557	4.29378764317061	-0.866795607454904	0.498663588902262	-0.913658366379185	-0.406482951112735	3.34394947508773
2.87562895136699	-4.58075417647263	5.37293251718838	4.09130467209821	-0.789658863245175	0.613546151237491	-0.813247957098323	-0.581917313950534	3.31153200592297
2.62004878934376	-5.06716362643899	5.52155138094345	3.84537374606173	-0.690104853546694	0.723709396865411	-0.647105014308189	-0.762400879103112	3.16700475829229
2.30351386645651	-5.56482571426546	5.63017298515630	3.57632388638087	-0.607581717114039	0.794257173105006	-0.421166649219000	-0.906983270841111	3.27279252345905
2.13705551455978	-5.86393846714692	5.74670972486717	3.29390304187510	-0.511109881091980	0.859515380577999	-0.151722176714276	-0.988423179156115	1.81766773867284
1.67604402346581	-6.33250318671278	5.84794524852146	2.99877798868053	-0.421628091227455	0.906768852954210	0.142329684427739	-0.989819307212534	-2.38077449344337
-0.661529884012304	-9.27863494272927	5.84730749920768	2.58785948886761	-0.422206296658810	0.906499775544182	0.525866193792810	-0.850567308462924	-2.97868903436870
-1.57653627482849	-9.61204210280151	5.77545334367586	2.09360483920086	-0.486196576595874	0.873849465815739	0.866420264916168	-0.499315455942029	-1.79325232265629
-1.25594916608272	-7.95294606046336	5.72990472936563	1.66082929051820	-0.525481184319697	0.850805221496653	0.995949769739263	-0.0899113794594918	-0.419582192054057
-0.882338865361890	-6.27934181626905	5.68389688932142	1.30398619666507	-0.564055036406902	0.825737195422375	0.964616830186008	0.263655781127397	1.33887417979642
-0.455985626931369	-4.78197300327872	5.64578222776806	1.03865442522366	-0.595110450975214	0.803643920614147	0.861722289517353	0.507380227983878	2.23819324330720
-0.120394363900984	-3.62922307722225	5.61302115207920	0.818969030839794	-0.621114646993409	0.783719717303484	0.730442092259872	0.682974633390597	2.83275500225574
0.174955130432415	-2.70529479198119	5.62518412405283	0.662327131027328	-0.611536578439908	0.791216160875149	0.614953605569058	0.788563290419745	2.85648760427547
0.369575092303956	-1.94419094062462	5.62262302781807	0.553007232253655	-0.613560951356637	0.789647363682257	0.525248600861219	0.850948827658475	2.88207880989026
0.541919570562733	-1.34125726048600	5.67026598311744	0.462561187763498	-0.575257833766425	0.817972141756894	0.446241607070026	0.894912525400981	2.72726488238895
0.649539599393944	-0.835558068269628	5.69838655593273	0.410754580761287	-0.552031587631266	0.833823198440355	0.399301256164921	0.916819778814308	2.82594440256964
0.815293030067046	-0.451014319872113	5.72372878178077	0.389079407243571	-0.530725657863186	0.847543672081674	0.379336789559446	0.925258666582882	2.96961837989038
1.12041368618683	-0.231507299137235	5.77775252828811	0.365881392957349	-0.484186152043047	0.874965010826003	0.357772485826040	0.933808785772471	2.84818438319703
1.42625675125902	-0.116784849452421	5.84657034595768	0.359653518278816	-0.422874411141592	0.906188298534941	0.351949940994072	0.936018824081156	2.73997998867583
1.83803840482138	-0.212898146706359	5.91349307820021	0.342758419044036	-0.361328471504131	0.932438596198425	0.336086332536135	0.941831182899786	2.27107017931257
2.23369099033580	-0.340839387390962	6.03000031382981	0.342092054860526	-0.250488678802318	0.968119528669817	0.335458655397294	0.942054929671853	2.14118013237793
2.82423799828307	-0.866980110186762	6.14925814839428	0.306001607677787	-0.133527153967547	0.991045154951744	0.301248404850906	0.953545698209994	1.48452173885536
3.47497411569616	-1.63859753979096	6.30792798616158	0.234045983275231	0.0247401544805840	0.999693915534288	0.231915084745676	0.972736034835456	1.47526786085925
4.60677785918213	-3.09934133327623	6.49627678819439	0.129845241229212	0.211482462883297	0.977381792286318	0.129480688168089	0.991581943861181	2.81916044106461
6.30369618898116	-4.69090733350196	6.77510904618485	-0.0784596862787769	0.472322394420725	0.881425865134824	-0.0783792124293123	0.996923617464729	1.08500536881285
6.66515976684366	-2.99637684994705	7.10489103670018	-0.283399343464998	0.732308450376483	0.680973078401191	-0.279621003078648	0.960110459602066	3.48009359690030
8.33801137313018	-0.00328245247186192	7.48208460681723	-0.365772517317674	0.931639674134246	0.363383430523512	-0.357670814676855	0.933847732946006	-3.42190596673227
8.54331136342466	4.83201498635027	7.89173526520954	-0.238869825829000	0.999287416309622	-0.0377446632683522	-0.236604693762331	0.971605999821756	-3.38412963104670
8.21129790328669	9.65713800840241	8.31836554228069	0.137590526345369	0.894097665519058	-0.447872040334480	0.137156812534553	0.990549346966299	-3.27280205890987
6.00251214596439	13.2847282521354	8.68771121748785	0.699551722566375	0.672118896090261	-0.740443238552699	0.643874761027703	0.765130898677814	2.16144734510817
2.97805196602333	16.8441784904765	8.91204878560983	1.44803740505612	0.490557298489097	-0.871408937812253	0.992474581208658	0.122450829538634	2.83955228114191
-2.26594623327259	23.8886189383390	8.93886631016036	2.44336817920022	0.467014680058633	-0.884249562402907	0.642858675614722	-0.765984806107070	3.11717050552659
4.15913948078304	15.6006327097156	8.94542012826195	3.48746337499041	0.461209481061117	-0.887291279445107	-0.339015963477561	-0.940780620818361	-3.49999990891923
7.16837461549822	9.93347425734006	9.25626157956888	4.13837812047063	0.167719931319042	-0.985834684233790	-0.839729820592481	-0.543004446029422	-3.49671442919341
7.85850787658767	4.14617127553334	9.63810060495722	4.46368088564141	-0.211708391907225	-0.977332879215703	-0.969231235530628	-0.246152010090865	3.49976153627857
10.4834568579122	-4.54233963783567	10.0842116706447	4.47455067341058	-0.612669388889533	-0.790339306828230	-0.971849545071768	-0.235602338154353	-3.45246028639003
9.13418813633241	-5.92511330628842	10.6226082442115	4.15893035923062	-0.931250679098999	-0.364379160597382	-0.850711649586901	-0.525632656193594	3.35151107888328
7.92395856412899	-2.90489788286938	11.0409754086103	3.92540218780120	-0.998969546125062	0.0453855253873772	-0.705982558911209	-0.708229218906691	-2.92755577996902
5.22882164659155	0.904913677568640	11.3612334661860	3.86200248470427	-0.933888264891695	0.357564971295538	-0.659692729967057	-0.751535429656255	-3.44103113086413
3.03162894260371	2.05641031840489	11.5566523807918	3.95014629289323	-0.846681950505891	0.532099309046291	-0.723289153694586	-0.690545291887339	-3.49732500586252
1.00301023590700	1.99695925204374	11.6583141896334	4.06116231730060	-0.788309388208875	0.615279049262812	-0.795340839977820	-0.606162476786031	-2.87537565590815
-0.752886431448223	1.55799223765075	11.6561009608187	4.15179446691623	-0.789669209698633	0.613532834699119	-0.846939163953525	-0.531689808593041	3.48894079387293
-0.376615960568739	0.0960506968927929	11.6373532267297	4.20830977801539	-0.801032114918932	0.598621375218513	-0.875619592091702	-0.483001376752864	3.49999999994507
0.0840255687493163	0.146487604868918	3.13344381714634	3.13461541647872	0.00814874625849836	-0.999966798416035	0.00697718050042215	-0.999975659179895	3.00643009696186
2.13893578866866	-2.85953996129668	3.16405732559796	3.07594313800396	-0.0224627825467091	-0.999747679867405	0.0656023690552550	-0.997845844393982	3.44098315300312
3.57590916689121	-4.52580699024309	3.33302719550473	2.86742451317757	-0.190267426401929	-0.981732298771099	0.270746240466358	-0.962650753530756	3.37850111500867
3.80841122658908	-3.71876316083375	3.51837047924967	2.66944037768516	-0.367926229709493	-0.929854983044000	0.454804135891344	-0.890591487706978	2.95613783664741
3.75126008644996	-1.94212217879704	3.71267057385616	2.52939488367620	-0.540539237179155	-0.841318805845785	0.574667472874132	-0.818387008462658	2.74585684075784
3.68845787945951	-0.0270831535492333	3.88432135318944	2.47464542366087	-0.676300457682664	-0.736625882614927	0.618590269822775	-0.785713737999143	2.80059639936543
3.63044305458616	1.85018769897068	4.06332613404378	2.52763328961456	-0.796650601537556	-0.604440087245916	0.576108246164993	-0.817373408364070	3.34922504068940
3.55001810783222	3.63002653277268	4.24292711799772	2.65712343516895	-0.891811874232594	-0.452406433395623	0.465738724631970	-0.884922279286823	3.49639181582263
3.19812089383746	5.05806916647776	4.42576367148970	2.88660708982509	-0.959203417617360	-0.282716825872067	0.252231439193066	-0.967666937061815	3.49075891493526
2.59410784978987	5.95822893881851	4.56588792041306	3.17187941611432	-0.989287899383639	-0.145977574075975	-0.0302821324563328	-0.999541391065871	3.36868123030152
1.76862970472064	6.37537922360231	4.69860925392787	3.46577787696466	-0.999905061071659	-0.0137792903765765	-0.318536556293445	-0.947910577166809	3.27776120424745
0.956443423353071	6.35471160921914	4.74634344653330	3.78677198370614	-0.999423602495142	0.0339479421413653	-0.601341731500393	-0.798991941108363	3.33959785295453
0.480222776079648	5.78703979458097	4.78838322547121	4.07738510536817	-0.997113826759045	0.0759211201572564	-0.805069397894748	-0.593180634017487	3.38553015578710
0.569315078334370	4.39029560775456	4.81163558851007	4.34683576221520	-0.995079096574000	0.0990837603317159	-0.933926147395010	-0.357466014065553	3.47005704872086
1.25759590457630	2.05318090766602	4.84626941873146	4.50331752153427	-0.991051392317306	0.133480851757582	-0.978224056667823	-0.207551668160840	3.49295803147164
2.12110817726347	-0.560948059500117	4.92498331403489	4.55621132004542	-0.977486809448428	0.210996533986541	-0.987829038367605	-0.155543533963106	3.47312473606009
2.75985037360422	-2.65721088107768	5.05925819950599	4.47989170629750	-0.940441645229784	0.339955161627968	-0.973094037160941	-0.230408321989075	3.38014043674990
2.97052189679429	-3.84023964394508	5.21645878863162	4.28547261290994	-0.875624129427103	0.482993151053955	-0.910246902424278	-0.414065908554431	3.29217348026801
2.87732370557464	-4.48489635851375	5.34915523779723	4.08618835267269	-0.804022737059757	0.594598552210597	-0.810260051169488	-0.586070515790394	3.36035403202007
2.63863546492314	-4.97197939514741	5.49514251896164	3.84199342943879	-0.708974338385701	0.705234278456853	-0.644524165768907	-0.764583938975895	3.39326608772670
2.39433585705724	-5.42757453666574	5.59760968398930	3.59971914311418	-0.633118680238691	0.774054737555955	-0.442268565068886	-0.896882665877710	3.45620319440823
2.27814325971167	-5.63407094086309	5.71710420922781	3.31632863785588	-0.536328585949648	0.844009270028032	-0.173848148228704	-0.984772471872285	2.41345402133563
2.19864550974386	-5.61473344349653	5.85122212567241	3.03104735308073	-0.418654462706592	0.908145605536830	0.110320289255078	-0.993896088018600	-2.84138433110029
-0.535184933390383	-9.19357464551509	5.87569214316376	2.66791887688122	-0.396309006436910	0.918117188280989	0.456158644605405	-0.889898472271843	-2.81138905623105
-1.48254783267215	-9.63669437942978	5.82776777976196	2.16358888199756	-0.439837324096867	0.898077462322326	0.829383772263349	-0.558679298261728	-2.46875654584020
-1.40630173199864	-8.29499994471334	5.74915717338309	1.72380303250952	-0.509004732775073	0.860763720200019	0.988317292746178	-0.152410396163996	-0.630261679374090
-0.976127054752526	-6.60119671038399	5.66932079104505	1.34609071202715	-0.576030717470916	0.817428047310552	0.974859744047102	0.222819387478781	1.20112623990503
-0.501250377884808	-5.07835832785512	5.64389455267309	1.06240012557372	-0.596626408405092	0.802519114285536	0.873526322958900	0.486776913069944	2.29602306798539
-0.0861846153962518	-3.85651863802874	5.62249866395887	0.822082247558135	-0.613659150205156	0.789571052768202	0.732564797109368	0.680697302797734	2.84948949749404
0.237440234560014	-2.95811756220955	5.64204210673403	0.678008654314154	-0.598112007150973	0.801412519806020	0.627243362237277	0.778823320483713	2.92294208169400
0.508537045444158	-2.26822645701985	5.66881085223656	0.549414630979691	-0.576447480842499	0.817134200624559	0.522188097963705	0.852830340891463	2.76033184407436
0.686652656049389	-1.71857228197618	5.68873707702521	0.426516864504019	-0.560051721829139	0.828457644587952	0.413702229179489	0.910412250341526	2.17690487059736
0.649911813289761	-1.15071823708857	5.72102225303161	0.379295944040094	-0.533017612516682	0.846104145331422	0.370266545663899	0.928925554154973	2.39496156007800
0.739417903285726	-0.721116260337801	5.75218140696366	0.314090636597991	-0.506399258521570	0.862299130794416	0.308951723816935	0.951077721508891	2.10406855866735
0.729579996898925	-0.308736210504973	5.81202200091880	0.305330204600661	-0.453923145675440	0.891040839591606	0.300608123484358	0.953747742380140	2.35219440526490
0.879835835421991	-0.0674620710280824	5.85475131976136	0.277466407203344	-0.415446840044711	0.909617459758147	0.273919841057666	0.961752525692001	2.01678823986623
0.953061434000796	0.222141069260374	5.87156836407359	0.287133581384642	-0.400091738447124	0.916475095584358	0.283204326041571	0.959059596537848	2.51955921832564
1.32161137184482	0.151743760437666	5.93595077063132	0.308594157726575	-0.340298698657701	0.940317390933442	0.303719504635755	0.952761492979125	2.02427333532665
1.59360796438739	0.203751559421845	6.03802241682406	0.297536029041927	-0.242714347583746	0.970097802016372	0.293165390605059	0.956061741600083	0.204713756844742
1.04433925694035	1.27873916587004	6.08316690843309	0.348071013346614	-0.198687362757948	0.980062922408705	0.341085133194202	0.940032410033768	2.38401423828935
1.70891560803861	0.909067399930762	6.16232997519431	0.396007141685898	-0.120561344376593	0.992705879020623	0.385737581804933	0.922608539947080	0.943028131641441
1.76215192614632	1.33795274158724	6.24342628249569	0.469338281135646	-0.0397485504663350	0.999209714092004	0.452296218713890	0.891867776375578	1.04305619087765
2.01003108592564	1.59383433512413	6.33107987700506	0.553905868234502	0.0478762611144870	0.998853274320957	0.526013081911338	0.850476476839975	0.436124552507655
2.09116167886081	2.15071712192484	6.43633160415145	0.631403384479118	0.152548355132078	0.988296007958394	0.590278150677241	0.807199916274188	-0.403630614662223
1.89319836807159	3.19251650199048	6.55282209918425	0.771227881748850	0.266381369807687	0.963867711783822	0.697016223035117	0.717055356876901	-0.417855702681942
1.94340066187873	4.11257583680068	6.61742528023894	0.955512144829327	0.328051297709395	0.944659910269925	0.816609452715052	0.577190611268429	-0.0899175155833538
2.39254543625858	4.63526615232106	6.75967209654103	1.16238047189554	0.458660132166580	0.888611773026295	0.917751126802183	0.397155975975842	-1.22339681089620
2.70401514935895	5.37495919739243	6.86115699393189	1.41415572736748	0.546326202381346	0.837572492738137	0.987756925336295	0.156000821953568	-0.328257104079403
3.73150895905908	5.30350955644022	7.01485572334284	1.71032308300827	0.668113455411272	0.744059413419661	0.990281923237916	-0.139074485468089	-0.387647659783815
5.00001058055347	4.50123989479001	7.22017957308164	1.93733073525430	0.805781709183177	0.592212662095162	0.933574955707942	-0.358382201113441	-2.20234201368376
5.79021888343637	3.34222639850810	7.51174678430869	2.14612376893930	0.942007018314226	0.335593172527006	0.839014183005364	-0.544109548451268	-3.24657012655697
6.35441528210744	1.91180247609408	7.82649805382122	2.26743911999732	0.999622350183271	0.0274801203431463	0.767000645018548	-0.641646328237863	-3.38227609138878
6.90699726296736	0.453914588235833	8.12279879133799	2.32091750799183	0.964085723394228	-0.265591261052444	0.731606261700825	-0.681727421951137	-2.26677770408627
7.51120803302078	-0.489810993584118	8.49238592378124	2.35035603397531	0.803047687148624	-0.595914769212213	0.711223117972655	-0.702966340916302	3.41935890599663
9.61158900058461	-1.43587147582831	8.95373123398966	2.22339823530633	0.453819265512405	-0.891093751661283	0.794506465952229	-0.607255692077152	3.49999568321184
9.20006766516015	4.32081250700040	9.41052863948485	2.28010750710204	0.0142488390848985	-0.999898480139225	0.758810691982005	-0.651311241829735	-1.01416489845093
5.81102012602507	11.9605143036774	9.81674553714637	2.71832029495856	-0.382007507243737	-0.924159220269660	0.410746218986818	-0.911749715430739	-3.44828136300669
-1.01069447992456	21.2041938199198	9.92833042806808	3.49919292588125	-0.482540090222206	-0.875873884373969	-0.350027323571437	-0.936739490335182	-0.245578063826319
2.40550800286354	15.7822391913391	9.94756538471528	4.48609689860377	-0.499297184361843	-0.866430794517563	-0.974505021786192	-0.224365689251930	-3.49465357962077
4.50918910210720	11.9320165561344	10.1009497430056	5.17074662301791	-0.625811706040398	-0.779974171740838	-0.896780410163856	0.442475870467922	-2.85269290280966
-0.0581350179644991	-0.0245212109301216	3.14200239593397	3.15031456720004	-0.000409742332709144	-0.999999916055607	-0.00872180302875136	-0.999961964352609	3.18560923787657
2.00068844021878	-3.05616793386131	3.17753873825694	3.03236321880697	-0.0359383440520910	-0.999354009061250	0.109012360324918	-0.994040394197535	3.45750772858980
3.36116989497317	-4.55517294310811	3.33506768315994	2.84720972375877	-0.192270241550577	-0.981342016941129	0.290149380748151	-0.956981367034628	3.47751099061121
3.66370043640694	-3.73837137839370	3.52240570607312	2.63894170084321	-0.371675399818636	-0.928362750852088	0.481750281189550	-0.876308545304558	3.49719597655169
3.80862746076469	-2.09161566854856	3.70168908056860	2.49475791950318	-0.531267893701863	-0.847203886394288	0.602663561380902	-0.797995383309759	3.42786979582273
3.96375289166402	-0.153126580317819	3.87076755571885	2.42792638180552	-0.666254566262697	-0.745724381346155	0.654609744718217	-0.755966984808167	2.59225726429304
3.86693951316180	1.96567556736237	4.08421643373554	2.48754428629612	-0.809102793036739	-0.587667142437068	0.608404277268511	-0.793627264779494	3.00529903308760
3.69988958389378	3.88112319353575	4.27231162439318	2.61513964080523	-0.904718711543357	-0.426009451753512	0.502469801889426	-0.864594759519858	3.42490131844237
3.33947191640230	5.38740041562187	4.44947967940624	2.84205052499872	-0.965637964713375	-0.259890979266714	0.295082754434999	-0.955471699232926	3.48774389410998
2.60896521542142	6.30946994443816	4.59679292453616	3.12987262379352	-0.993326212415626	-0.115338786745946	0.0117197614893272	-0.999931321236930	3.46661955670913
1.73457763225908	6.72981907796707	4.69719904675107	3.48250182933692	-0.999884635176345	-0.0151893495011257	-0.334344083869827	-0.942451077553231	3.34888577039928
0.896172938315780	6.70545244064298	4.75561486125244	3.82499080819454	-0.999065907069438	0.0432124210328535	-0.631431700771898	-0.775431497464675	3.28846055877216
0.343480724921343	6.19818051465094	4.80163859431246	4.11776850041669	-0.996019896217026	0.0891311749043184	-0.828361163493556	-0.560194415194941	3.37964920380579
0.443845124281746	4.71629654706215	4.82146168288654	4.41253205511233	-0.994057467744048	0.108856560768246	-0.955378760820493	-0.295383519129112	3.47471122889149
1.19947117656533	2.20334405543359	4.86152408584806	4.58913488568785	-0.988899956322868	0.148582893983899	-0.992413825196132	-0.122942261080485	3.48840345579953
2.16270034757858	-0.578932864744309	4.92518744127884	4.64534167096050	-0.977443718942835	0.211196061277667	-0.997753171027371	-0.0669970872861412	3.40727628130937
2.87169135253028	-2.83639771651741	5.08573309703704	4.53405173784522	-0.931112850514525	0.364731215563894	-0.984140015363122	-0.177393433252402	3.26242289289292
3.04565569910821	-4.05643714472569	5.20418801829640	4.35984196322940	-0.881484757400519	0.472212475979351	-0.938496300200620	-0.345289291044117	3.41155301640833
2.94897388691390	-4.73619577852401	5.34648665260230	4.16161094387249	-0.805606609209099	0.592450834414652	-0.852117594318037	-0.523350365867495	3.40410485898794
2.71498088169427	-5.24296732893454	5.50211973710558	3.88843561661496	-0.704036547982763	0.710163741051678	-0.679325398143539	-0.733837177742531	3.31782221245861
2.45257927787280	-5.69201380466495	5.63355854693788	3.64266251426268	-0.604889233464758	0.796309622721224	-0.480364155119616	-0.877069141217623	3.14336502377618
2.14798143199175	-6.09624478524686	5.75385282869706	3.33446594066687	-0.504957286333594	0.863144332645829	-0.191679691584432	-0.981457536439604	2.21462243107738
1.89591482626069	-6.34237189381919	5.83588638772968	3.00450915852914	-0.432531770196478	0.901618693112949	0.136654555417924	-0.990618762432617	-2.53700758793483
-0.527276592101033	-9.45085348076186	5.88397105162180	2.60488940306717	-0.388694503613814	0.921366692940661	0.511305552172498	-0.859398994831607	-3.25288958980046
-1.45502155992774	-9.79398055218251	5.81115737261435	2.10345088251918	-0.454693395037381	0.890648031777638	0.861462065711235	-0.507821926801641	-2.11159082930041
-1.14685550946820	-8.13120744984847	5.76413014819357	1.66581975328606	-0.496059965023525	0.868288264979355	0.995488670311459	-0.0948804894671330	-0.798886068388000
-0.807861291746756	-6.48573422973784	5.71101012698622	1.28238700438574	-0.541462057006392	0.840725187455691	0.958697520816887	0.284427606922314	1.51390370942711
-0.250109207621705	-5.01122510292481	5.70446059913904	1.02243883019557	-0.546956757344537	0.837160860047309	0.853381887246998	0.521286250076436	2.10558619921470
0.114747370629800	-3.90496222292861	5.69227288759351	0.789621630711689	-0.557118957770161	0.830432698593384	0.710086908124533	0.704114041125542	2.70598978983728
0.414322798654195	-3.09394811062185	5.68916669900903	0.608331967105335	-0.559695746537527	0.828698178656018	0.571499463924623	0.820602438903193	2.74086834506213
0.719561943657902	-2.50435363379143	5.75241151269551	0.471733235927173	-0.506200825144172	0.862415633336594	0.454430902534780	0.890781990624769	2.45318229580099
0.873595871436696	-2.11845735400779	5.78402035286802	0.375407296719616	-0.478692550002800	0.877982598103070	0.366651491396964	0.930358363135616	2.03976007432447
0.910537859690748	-1.74826060254352	5.81421217384991	0.283428418748079	-0.451970525006379	0.892032871886153	0.279648918443854	0.960102329136422	1.45290981126931
0.738208863538493	-1.25312757431363	5.85959114156111	0.190520830039214	-0.411039605142411	0.911617487219487	0.189370326642359	0.981905738544880	0.905910007244944
0.380101544945695	-0.542803159154304	5.89149047087970	0.152872898974818	-0.381755437781645	0.924263374652563	0.152278151285159	0.988337677436803	1.63707402006848
0.404015403765939	-0.349013705073312	5.89824456214337	0.127070572293309	-0.375504218680653	0.926820684789152	0.126728881659503	0.991937392456465	1.66628882986925
0.476349614825104	-0.269626686638615	5.93317631576549	0.120028683470100	-0.342906253730641	0.939369629673228	0.119740684436491	0.992805201683936	1.70450102991258
0.651114915618302	-0.353059835693252	5.96212429654925	0.0944923442211164	-0.315573532235803	0.948901125382523	0.0943517897287025	0.995538919266842	1.18146551720558
0.595037689373334	-0.162399198674479	5.98777846828787	0.0881069523199582	-0.291129090374757	0.956683778861943	0.0879930032677758	0.996121092727143	1.42394586799668
0.751522591327082	-0.294253164614389	6.01106013203527	0.0743707721386899	-0.268779014772255	0.963201869401247	0.0743022334934310	0.997235768561220	0.930363408994792
0.719568771870556	-0.168320352903635	6.05279057604203	0.0604137992101459	-0.228361842208013	0.973576329325730	0.0603770559288372	0.998175641416563	0.871687981227067
0.737931599395043	-0.0964062264725977	6.10201617698149	0.0450030688657318	-0.180179692180584	0.983633711564274	0.0449878797964780	0.998987532790784	0.635315632523068
0.662595585264476	0.0517585835705286	6.10870090120509	0.0527796528914813	-0.173600395353669	0.984816177128021	0.0527551516636869	0.998607477426913	1.02705728705513
0.967769122646226	-0.291845089708285	6.15501323347760	0.0485822374110848	-0.127821424993259	0.991797198681612	0.0485631287598647	0.998820115198454	0.0705065738094689
0.722163435885350	0.130762648643902	6.21351309169669	0.0551443145694821	-0.0696158618130654	0.997573872845527	0.0551163708028361	0.998479937539821	0.760762118867731
1.06577715036773	-0.310700518252146	6.24270918418653	0.0423105835259610	-0.0404650717814535	0.999180953564329	0.0422979606905070	0.999105040784714	-0.486058291934189
0.677972229453324	0.333886996482731	6.31391906978467	0.0456422059306460	0.0307289244984546	0.999527755091958	0.0456263605239133	0.998958575329999	0.503454281115163
1.03738052468400	-0.160521464822232	6.33512956077917	0.0412100367399771	0.0519208973725020	0.998651200578077	0.0411983734552659	0.999150986600444	-0.710466557750115
0.689387792598508	0.451047986894425	6.38480922728968	0.0577659693986726	0.101449091574123	0.994840731885655	0.0577338481450249	0.998332010294355	0.462001402581353
1.21653364543433	-0.238749192334957	6.42408159758017	0.0508340224763596	0.140430579567279	0.990090527336970	0.0508121319569571	0.998708229287207	-1.28789986085838
0.669917276007965	0.650671880900150	6.48833009373726	0.0841143896595389	0.203708912640278	0.979031500469171	0.0840152366260300	0.996464470021221	0.500713590885974
1.45377499213079	-0.345236491052969	6.51678778531795	0.0836595265679131	0.231483648523076	0.972838794696452	0.0835619730407365	0.996502582365715	-1.71327028034168
0.848136413183327	0.662801349914595	6.57666283391188	0.0965737194899756	0.289282808045733	0.957243676902164	0.0964236739466542	0.995340381529168	-0.0282149631091345
1.47251789283871	-0.0512907108648310	6.64528740030189	0.0975375523294749	0.354240795788841	0.935154243212791	0.0973829707567907	0.995246982917598	-1.92992493186456
0.965130845668067	0.839544264689098	6.69903611827955	0.142961947411187	0.403968375484463	0.914772950850890	0.142475465947516	0.989798333804941	-0.185664731177238
1.64913916286635	0.132146273348358	6.76781237699783	0.149290680577663	0.465878405047346	0.884848750753789	0.148736740408882	0.988876828554770	-2.08936636921657
1.29500252180108	0.890430282125281	6.84514104227755	0.160681887189260	0.532842187555451	0.846214631852417	0.159991347160397	0.987118416824345	-1.28824511111545
1.49971638430648	0.975189665880660	6.92094379357737	0.259241184582233	0.595396034047625	0.803432363450937	0.256347166333949	0.966584776578110	-1.00373753381229
1.92981070851103	0.843010110747915	6.99210981191622	0.278290430309747	0.651017779588444	0.759062481393813	0.274712254274081	0.961526482917477	-1.98114180538281
1.86424274784536	1.46255383562798	7.10601805185091	0.312640702543817	0.733075452115062	0.680147323383911	0.307572399567632	0.951524681248053	-1.87831354162462
-0.0434859703119024	-0.0881687005531377	3.11947598199421	3.14478808967660	0.0221148685884856	-0.999755436387977	-0.00319543064881241	-0.999994894598452	3.49886254608319
2.26046572664061	-3.47964027090986	3.17420383135654	3.04705320112168	-0.0326053978030880	-0.999468302666024	0.0943986877172992	-0.995534473414784	3.49954152983293
3.54079942085234	-4.77712979922209	3.32488882406560	2.81506511209905	-0.182271511532579	-0.983248237264440	0.320755988562601	-0.947161863569912	3.49984957533982
3.79276217968379	-3.76126245368487	3.50646025250383	2.57857825525964	-0.356825612348198	-0.934171013451142	0.533737745109221	-0.845650057320239	3.49999944323195
3.88536274687339	-1.97447695401057	3.70250730096837	2.45793743401486	-0.531960915289294	-0.846768908619451	0.631631016181223	-0.775269152873939	3.49262874955601
4.08122326785267	0.104141209710323	3.90687022260288	2.39584196877380	-0.692737205271740	-0.721190102838565	0.678523438702686	-0.734578752164179	3.49242731609341
4.27189613591184	2.36988322640123	4.12108707069751	2.46374980980049	-0.830215643290309	-0.557442360819537	0.627114216511891	-0.778927313328193	3.48166506675471
4.21015923265207	4.55105203620089	4.34063913827652	2.64764220508095	-0.931693148650852	-0.363246303156771	0.474107817331418	-0.880466795254221	3.33832353060883
3.66518544965552	6.19234404373676	4.52514490507864	2.92278988507027	-0.982520986132662	-0.186151851478575	0.217061091810797	-0.976158021235243	2.92231523352242
2.58396992433999	7.07993318495538	4.69131796493208	3.24244850426926	-0.999778014367321	-0.0210694562753019	-0.100684954970784	-0.994918358380491	2.84190672373212
1.33819550965363	7.45960868282812	4.78995404174053	3.60042103300063	-0.996993338506502	0.0774873084682831	-0.442897968948037	-0.896572021145933	3.30501385240090
0.380677321704042	7.33907235870758	4.83061593396154	3.97361933880359	-0.993019330500919	0.117951724241350	-0.739297615389035	-0.673378820486720	3.42597187667180
-0.0241580125427779	6.55224603736861	4.81990907677748	4.30866500016587	-0.994225280907273	0.107313050487131	-0.919604424508397	-0.392845647073479	3.47259245146678
0.443846068481002	4.46286798870677	4.83737805151198	4.60387474575386	-0.992199029724366	0.124663889775777	-0.994118105616147	-0.108301394663981	3.49769040507073
1.48549894988702	1.45763535252650	4.88714905040371	4.76183033144786	-0.984768284323095	0.173871867164726	-0.998778025353992	0.0494212107296076	3.49934519953732
2.56665172560780	-1.57412862683211	4.97450620290524	4.75835899373200	-0.965843515822973	0.259126036790437	-0.998943564997996	0.0459538240965256	3.47427223019506
3.31739541527596	-3.83762371389835	5.13996615534077	4.60250119165396	-0.909973085856885	0.414667316069279	-0.993968410061512	-0.109666767070929	3.38041679840135
3.41646103713530	-4.85623598175489	5.28593009841066	4.38769367595454	-0.839984799870505	0.542609929863533	-0.947747974396119	-0.319020026061144	3.42410039947632
3.21210299175524	-5.33174055949235	5.46810106213086	4.14473229278105	-0.727783377033293	0.685807083744413	-0.843163188988632	-0.537657731958280	3.33496424143920
2.93077697449593	-5.71906503199929	5.62065697385955	3.87508259525461	-0.615112253862582	0.788439544383775	-0.669466183789349	-0.742842532951988	3.05290461004411
2.52537355703786	-6.24489956558924	5.77356883264910	3.57748283310520	-0.487842491240619	0.872931671862206	-0.422217511427904	-0.906494552131246	1.55693540703735
1.59338065211408	-7.42386005843959	5.85115426915894	3.24031350234521	-0.418716085337214	0.908117195013881	-0.0985605745024313	-0.995131053255676	-0.0721813259968382
0.163259131216732	-9.27375701531110	5.89453817272381	2.78623220097600	-0.378936789987278	0.925422557102504	0.347928319775648	-0.937521138054014	-3.11602383333898
-1.28687031896505	-10.5949316501976	5.85976936070701	2.27756543613477	-0.410877130925576	0.911690727869033	0.760463917833938	-0.649380188851383	-1.97421285359929
-0.728782420071184	-8.68807563543279	5.81415127762878	1.80185151007941	-0.452024845599336	0.892005346935150	0.973425294932176	-0.229004792932825	-1.49534547918021
-0.386099074549043	-6.98381687829580	5.80059732184188	1.39854513374148	-0.464073156412845	0.885796875980616	0.985201407695511	0.171400660076864	1.22231312369860
0.251447738414213	-5.40150576466661	5.78604956264696	1.08483383262382	-0.476909954797702	0.878952157409523	0.884225816570128	0.467059637852481	2.07858273441217
0.759269494289141	-4.27178504982684	5.82233603977460	0.855422583590676	-0.444708934953433	0.895675143772888	0.754848155925983	0.655899581868401	2.25151351987381
1.12116200196965	-3.52161650470983	5.88560384388657	0.674487206475857	-0.387189585741302	0.922000121851120	0.624496893115829	0.781027291769422	2.14673085965859
1.40195029472948	-3.04770571284198	5.92649102284435	0.516316830107930	-0.349178505337490	0.937056226386804	0.493680449326452	0.869643383205341	1.73206904697879
1.61137499942468	-2.74912526009173	5.98949489808207	0.375868702708951	-0.289486581787235	0.957182072003620	0.367080725273488	0.930189088912943	0.943292419924180
1.54998048624218	-2.36338245267171	6.09659255204359	0.229634138447212	-0.185511876303574	0.982642022178132	0.227621281186032	0.973749738049377	-0.157060638437350
1.00649591099535	-1.36137478286305	6.13015834790668	0.159463199227910	-0.152430413074632	0.988314205690628	0.158788239317579	0.987312663270569	0.472612054903173
0.907275883321221	-1.09390189847285	6.18089834724740	0.0885559666483285	-0.102108688248058	0.994773248426123	0.0884402670258680	0.996081482193296	-0.00279715690397813
0.677924535750153	-0.645578209828877	6.21412257707800	0.0312845462454040	-0.0690078422282387	0.997616117407394	0.0312794433451675	0.999510678494240	-0.0337456179529508
0.534927036344794	-0.389013072705273	6.25629416777419	0.0196178078352242	-0.0268878985424987	0.999638455098626	0.0196165495131339	0.999807576979290	0.202041459189312
0.609576812538297	-0.542336660243829	6.27748317370392	-0.0180272434608054	-0.00570210257554914	0.999983742880962	-0.0180262670565474	0.999837513647096	-0.560796786315410
0.305783491208791	-0.0656640818044282	6.31716466348735	-0.0341609618006339	0.0339728179433808	0.999422757215877	-0.0341543180445689	0.999416571084806	-0.0985896712197489
0.367446694330324	-0.205943835672340	6.31836891708929	-0.0236572925029232	0.0351763514735718	0.999381120642674	-0.0236550858617598	0.999720179306626	-0.208184240026126
0.383324333722811	-0.282186841600912	6.35122775528441	-0.0373490436706284	0.0679899567228292	0.997686005607389	-0.0373403609282215	0.999302605543361	-0.554462853127034
0.238110007562448	-0.153429586017890	6.36227025976154	-0.0644401504422179	0.0790025398120459	0.996874414709920	-0.0643955613926784	0.997924451886475	-0.795138767494650
-0.00386837825785959	0.183885299388681	6.36905629341894	-0.0459972899300308	0.0857654921858059	0.996315351859102	-0.0459810718462154	0.998942311163099	-0.113800287899549
0.177193736293304	-0.170637526280961	6.38518949680203	-0.0459478052272390	0.101827391829967	0.994802081960581	-0.0459316394265638	0.998944585299699	-0.676406427590838
-0.00257950556738718	0.00689223121301420	6.37912203168758	-0.0738282138925931	0.0957896275985728	0.995401600985515	-0.0737611640942872	0.997275935070859	-0.853404167855718
-0.304460039245337	0.366148490777096	6.37203581756789	-0.0426586163041179	0.0887336527503468	0.996055389458629	-0.0426456794247936	0.999090259199036	-0.0130952709595660
-0.0735737195450478	-0.0285165007947328	6.35206589358985	-0.0356872107154825	0.0688261316023849	0.997628670201820	-0.0356796361293279	0.999363279076072	-0.524176588972610
-0.203162523508029	0.123391191446180	6.35034087084916	-0.0356781299828479	0.0671050979099620	0.997745912461933	-0.0356705611771148	0.999363603032105	-0.341832127794890
-0.225933402864199	0.109518833126066	6.34852645049143	-0.0195669389861306	0.0652946579488272	0.997866026901079	-0.0195656904270195	0.999808573557016	-0.173245193550731
-0.204748839692613	0.0293504089963354	6.33598346100184	-0.0364814715627452	0.0527736268224657	0.998606501236600	-0.0364733799163794	0.999334624916737	-0.571740915886507
-0.476333787837005	0.417755581447383	6.32758728708271	-0.0162516855404230	0.0443873913256496	0.999014394036094	-0.0162509701580324	0.999867944265103	0.242032781279219
-0.230551776763769	0.0541721998681721	6.30039305822347	0.00126154752593862	0.0172069018347415	0.999851950305269	0.00126154719131271	0.999999204249025	-0.0480074038014996
-0.266335569589132	0.0839171493310234	6.26241989522924	0.00478795638424126	-0.0207639196335070	0.999784406580465	0.00478793809065686	0.999988537758729	-0.0185524786451094
-0.291945866514926	0.125779284319789	6.27416293323260	-0.0102884152895139	-0.00902225153908254	0.999959298660283	-0.0102882337831279	0.999947074722269	-0.162702126789858
-0.474871768029995	0.427079738562874	6.24286335268448	0.0112854401172627	-0.0403110290743817	0.999187180129411	0.0112852005643333	0.999936320096546	0.565967480255803
-0.208932172037214	0.0863702316601878	6.24647280972186	0.0280843672353075	-0.0367042511170919	0.999326171952848	0.0280806755425256	0.999605660078551	0.386210305448440
-0.128540108490533	0.0156043813793272	6.23551746996493	0.00829851553106411	-0.0476497872751161	0.998864103756180	0.00829842028468213	0.999965567517592	0.0309206357725011
-0.309932828621699	0.314730511236732	6.22537756928731	0.0444568531514681	-0.0577755469188417	0.998329597967640	0.0444422104237444	0.999011956851694	0.982533041003727
0.0972364315789638	-0.262899800327459	6.21434841682763	0.0420944419613430	-0.0687825390961521	0.997631676680069	0.0420820115774348	0.999114159794363	0.165664698010312
-0.00980813648828459	-0.0248231935099535	6.22525675986773	0.0257773918393643	-0.0578961541162112	0.998322610852099	0.0257745372000640	0.999667781431473	0.352454139030849
0.0235184259086892	-0.0157515003260599	6.23101773445774	0.0356572705081673	-0.0521439139855151	0.998639580746863	0.0356497149695817	0.999364346883852	0.563025801909088